iteration,reps,n,label,AIC,Pvalues_Accuracy,Pvalues_Interaction,Duration,Coefficients_Accuracy,Coefficients_Interaction,ConditionsOfInterest,StandardValue1,StandardValue2,PSE_Difference,JND_Difference,Multiplicator_PSE_Standard,Multiplicator_SD_Standard,SD_ResponseFunction,Mean_Variability_Between,SD_Variability_Between,Program,Duration_SimulateDataset
1,30,10,NelderMead_nAGQ0,1020.5777861821068,0.05151129621472747,0.9373115073565546,3.393890857696533,-0.46475812735674515,0.019063928894302872,2,5,8,0.025,0.05,0,0.108,0.1,0.1,0.1,R,0.03490900993347168
1,30,10,NelderMead_nAGQ1,1020.5271570989682,0.05418634833200981,0.9276492044634437,8.952116966247559,-0.47232219293951216,0.024411913410905053,2,5,8,0.025,0.05,0,0.108,0.1,0.1,0.1,R,0.03490900993347168
1,30,10,Bobyqa_nAGQ0,1020.5777861821068,0.05151129621472747,0.9373115073565546,3.2971301078796387,-0.46475812735674515,0.019063928894302872,2,5,8,0.025,0.05,0,0.108,0.1,0.1,0.1,R,0.03490900993347168
1,30,10,Bobyqa_nAGQ1,1020.5269535011862,0.05396808783729742,0.9271422058839752,5.1552159786224365,-0.4726266500002604,0.02458420239287771,2,5,8,0.025,0.05,0,0.108,0.1,0.1,0.1,R,0.03490900993347168
1,30,10,nloptwrap_nAGQ0,1020.5777917040842,0.05155730858232613,0.9372195721997643,1.050191879272461,-0.46478072285970456,0.019091665174431685,2,5,8,0.025,0.05,0,0.108,0.1,0.1,0.1,R,0.03490900993347168
1,30,10,nloptwrap_nAGQ1,1020.5277227156488,0.05467676391616058,0.9446779170253063,2.1014158725738525,-0.47156249696933555,0.018646764119228467,2,5,8,0.025,0.05,0,0.108,0.1,0.1,0.1,R,0.03490900993347168
1,30,10,R: LRT,0.0,0.0,0.984368085861206,0.984368085861206,0.0,0.0,2,5,8,0.025,0.05,0,0.108,0.1,0.1,0.1,R,0.03490900993347168
1,30,10,JuliaAIC_NeldMeader_AGP0,1020.5739021824642,0.051585071877507625,0.937574719720431,6.87,-0.46470850175142236,0.018989251839494337,2,5,8,0.025,0.05,0,0.108,0.1,0.1,0.1,Julia,0.03490900993347168
1,30,10,JuliaAIC_bobyqa_AGP0,1020.5728274927516,0.05153473966888281,0.9373575974791276,0.368,-0.4729249224115897,0.024770840657489343,2,5,8,0.025,0.05,0,0.108,0.1,0.1,0.1,Julia,0.03490900993347168
1,30,10,JuliaAIC_NeldMeader_AGP1,1020.526417120695,0.04840906495210247,0.9191458109953143,9.897,-0.47290856693924993,0.024753161307634858,2,5,8,0.025,0.05,0,0.108,0.1,0.1,0.1,Julia,0.03490900993347168
1,30,10,JuliaAIC_bobyqa_AGP1,1020.526417144744,0.0484109198652598,0.9192030613942591,0.629,-0.4647473884545944,0.019055471273204047,2,5,8,0.025,0.05,0,0.108,0.1,0.1,0.1,Julia,0.03490900993347168
1,30,10,JuliaLRT,0.0,0.0,0.9306978621608996,4.516,0.0,0.0,2,5,8,0.025,0.05,0,0.108,0.1,0.1,0.1,Julia,0.03490900993347168
1,30,12,NelderMead_nAGQ0,1122.6886354921025,0.5185114788356766,0.7051799458902431,2.2160210609436035,-0.1215507257661137,0.08389223318216035,2,5,8,0.025,0.05,0,0.108,0.1,0.1,0.1,R,0.009028911590576172
1,30,12,NelderMead_nAGQ1,1122.655208772096,0.4819216658890043,0.7590677898165266,10.315452098846436,-0.1331327656587248,0.09114968326962647,2,5,8,0.025,0.05,0,0.108,0.1,0.1,0.1,R,0.009028911590576172
1,30,12,Bobyqa_nAGQ0,1122.6886354921025,0.5185114788356766,0.7051799458902431,2.2350239753723145,-0.1215507257661137,0.08389223318216035,2,5,8,0.025,0.05,0,0.108,0.1,0.1,0.1,R,0.009028911590576172
1,30,12,Bobyqa_nAGQ1,1122.6551526037229,0.4815975218613042,0.7599880237905806,5.219045877456665,-0.13322783004331687,0.09078941069434517,2,5,8,0.025,0.05,0,0.108,0.1,0.1,0.1,R,0.009028911590576172
1,30,12,nloptwrap_nAGQ0,1123.092970688351,0.5407555798974154,0.6725986949344858,0.7619609832763672,-0.11728246253029814,0.09377400547507467,2,5,8,0.025,0.05,0,0.108,0.1,0.1,0.1,R,0.009028911590576172
1,30,12,nloptwrap_nAGQ1,1123.0642506503657,0.5094929840453994,0.7408538240331577,2.13828182220459,-0.1268033808529269,0.09797163684995756,2,5,8,0.025,0.05,0,0.108,0.1,0.1,0.1,R,0.009028911590576172
1,30,12,R: LRT,0.0,0.0,1.0441770553588867,1.0441770553588867,0.0,0.0,2,5,8,0.025,0.05,0,0.108,0.1,0.1,0.1,R,0.009028911590576172
1,30,12,JuliaAIC_NeldMeader_AGP0,1122.6865237838597,0.5184674714329837,0.7054189434306153,14.189,-0.12155041561910042,0.08382904712526638,2,5,8,0.025,0.05,0,0.108,0.1,0.1,0.1,Julia,0.009028911590576172
1,30,12,JuliaAIC_bobyqa_AGP0,1122.686523966912,0.5184570553311482,0.7055491451505004,0.605,-0.13341843207515108,0.09113881954786447,2,5,8,0.025,0.05,0,0.108,0.1,0.1,0.1,Julia,0.009028911590576172
1,30,12,JuliaAIC_NeldMeader_AGP1,1122.6548887147178,0.47926977635220347,0.6817946037702278,29.509,-0.00031439427026281697,0.10275581378590536,2,5,8,0.025,0.05,0,0.108,0.1,0.1,0.1,Julia,0.009028911590576172
1,30,12,JuliaAIC_bobyqa_AGP1,1123.1430286595003,0.9986850890816087,0.6439729487872625,2.62,-0.1215476517976867,0.08378949400903778,2,5,8,0.025,0.05,0,0.108,0.1,0.1,0.1,Julia,0.009028911590576172
1,30,12,JuliaLRT,0.0,0.0,0.7658471006621738,0.63,0.0,0.0,2,5,8,0.025,0.05,0,0.108,0.1,0.1,0.1,Julia,0.009028911590576172
1,30,14,NelderMead_nAGQ0,1355.1738650897883,0.060209173078812815,0.021864336660465042,2.131303071975708,-0.3806103634576003,-0.5004992740100268,2,5,8,0.025,0.05,0,0.108,0.1,0.1,0.1,R,0.009971857070922852
1,30,14,NelderMead_nAGQ1,1355.0939721952182,0.06059187357748718,0.07327789424733594,14.484271049499512,-0.38469271060696847,-0.5116889368754948,2,5,8,0.025,0.05,0,0.108,0.1,0.1,0.1,R,0.009971857070922852
1,30,14,Bobyqa_nAGQ0,1355.1738650897883,0.060209173078812815,0.021864336660465042,2.105404853820801,-0.3806103634576003,-0.5004992740100268,2,5,8,0.025,0.05,0,0.108,0.1,0.1,0.1,R,0.009971857070922852
1,30,14,Bobyqa_nAGQ1,1355.0939483603202,0.060796301285397376,0.0733328713380622,5.028554916381836,-0.3846428157156159,-0.5117167233240226,2,5,8,0.025,0.05,0,0.108,0.1,0.1,0.1,R,0.009971857070922852
1,30,14,nloptwrap_nAGQ0,1355.1729972956205,0.06004408323851874,0.022081825400226088,0.752985954284668,-0.38059710935442254,-0.4997014303966165,2,5,8,0.025,0.05,0,0.108,0.1,0.1,0.1,R,0.009971857070922852
1,30,14,nloptwrap_nAGQ1,1355.0937985873302,0.05700372817435525,0.07394687533572009,2.480556011199951,-0.38855196080384397,-0.5103260217477246,2,5,8,0.025,0.05,0,0.108,0.1,0.1,0.1,R,0.009971857070922852
1,30,14,R: LRT,0.0,0.0,1.597726821899414,1.597726821899414,0.0,0.0,2,5,8,0.025,0.05,0,0.108,0.1,0.1,0.1,R,0.009971857070922852
1,30,14,JuliaAIC_NeldMeader_AGP0,1360.298446619533,0.1804113853804687,0.01910039823304607,8.327,-0.37256897751797596,-0.5427307452585278,2,5,8,0.025,0.05,0,0.108,0.1,0.1,0.1,Julia,0.009971857070922852
1,30,14,JuliaAIC_bobyqa_AGP0,1355.8501305992258,0.04916402510796928,0.023601579329216495,0.508,-0.38342337162121326,-0.5108656250878995,2,5,8,0.025,0.05,0,0.108,0.1,0.1,0.1,Julia,0.009971857070922852
1,30,14,JuliaAIC_NeldMeader_AGP1,1355.0847544797698,0.05945341318256795,0.02020262240705874,29.112,-0.38287121581931777,-0.5123022963621163,2,5,8,0.025,0.05,0,0.108,0.1,0.1,0.1,Julia,0.009971857070922852
1,30,14,JuliaAIC_bobyqa_AGP1,1355.084788185316,0.06001127989146234,0.01987424541621723,3.719,-0.3728454498622301,-0.4939103996831601,2,5,8,0.025,0.05,0,0.108,0.1,0.1,0.1,Julia,0.009971857070922852
1,30,14,JuliaLRT,0.0,0.0,0.1173747766782912,0.75,0.0,0.0,2,5,8,0.025,0.05,0,0.108,0.1,0.1,0.1,Julia,0.009971857070922852
1,30,16,NelderMead_nAGQ0,1601.4768433672177,0.22626787993121827,0.9575346574003655,7.736313819885254,-0.25035949525325424,-0.007550258283582531,2,5,8,0.025,0.05,0,0.108,0.1,0.1,0.1,R,0.014960050582885742
1,30,16,NelderMead_nAGQ1,1601.45710261671,0.22704082137699588,0.97002131365522,16.965637922286987,-0.2540095802802702,-0.008327265553784085,2,5,8,0.025,0.05,0,0.108,0.1,0.1,0.1,R,0.014960050582885742
1,30,16,Bobyqa_nAGQ0,1601.4768433672177,0.22626787993121827,0.9575346574003655,7.441104173660278,-0.25035949525325424,-0.007550258283582531,2,5,8,0.025,0.05,0,0.108,0.1,0.1,0.1,R,0.014960050582885742
1,30,16,Bobyqa_nAGQ1,1601.4571016415491,0.22701513855754027,0.9700089307057179,12.644195079803467,-0.25399547975349557,-0.008330495088859842,2,5,8,0.025,0.05,0,0.108,0.1,0.1,0.1,R,0.014960050582885742
1,30,16,nloptwrap_nAGQ0,1601.763581703744,0.1680040674831237,0.9784481348939447,0.9714028835296631,-0.251876941329478,-0.0038289369354249665,2,5,8,0.025,0.05,0,0.108,0.1,0.1,0.1,R,0.014960050582885742
1,30,16,nloptwrap_nAGQ1,1601.7481122886206,0.16992885060998428,0.9989371672435381,2.9770419597625732,-0.25628634193708383,-0.00029443964410512846,2,5,8,0.025,0.05,0,0.108,0.1,0.1,0.1,R,0.014960050582885742
1,30,16,R: LRT,0.0,0.0,1.3164780139923096,1.3164780139923096,0.0,0.0,2,5,8,0.025,0.05,0,0.108,0.1,0.1,0.1,R,0.014960050582885742
1,30,16,JuliaAIC_NeldMeader_AGP0,1601.476836668855,0.22626712660544063,0.9575254471922453,8.699,-0.2503592957257059,-0.007551891660237573,2,5,8,0.025,0.05,0,0.108,0.1,0.1,0.1,Julia,0.014960050582885742
1,30,16,JuliaAIC_bobyqa_AGP0,1601.763485624103,0.16806916732563593,0.9794573265004081,0.758,-0.25393971830699036,-0.008335779273335661,2,5,8,0.025,0.05,0,0.108,0.1,0.1,0.1,Julia,0.014960050582885742
1,30,16,JuliaAIC_NeldMeader_AGP1,1601.456978287628,0.22011171107614155,0.9531826716759195,30.005,-0.25377449190744433,-0.008724278277412342,2,5,8,0.025,0.05,0,0.108,0.1,0.1,0.1,Julia,0.014960050582885742
1,30,16,JuliaAIC_bobyqa_AGP1,1601.456978747858,0.22035411390212883,0.951003887868989,2.867,-0.2519072626676171,-0.0036490493538756095,2,5,8,0.025,0.05,0,0.108,0.1,0.1,0.1,Julia,0.014960050582885742
1,30,16,JuliaLRT,0.0,0.0,0.9850912166772575,0.676,0.0,0.0,2,5,8,0.025,0.05,0,0.108,0.1,0.1,0.1,Julia,0.014960050582885742
1,30,18,NelderMead_nAGQ0,1835.667891440612,0.0007672676676895228,0.19649715580462943,4.328427076339722,-0.4612911359465262,-0.18938208766219625,2,5,8,0.025,0.05,0,0.108,0.1,0.1,0.1,R,0.011968851089477539
1,30,18,NelderMead_nAGQ1,1835.6522092193316,0.0008528299835200709,0.391773841912637,12.722980976104736,-0.4677065077827004,-0.19308663302521134,2,5,8,0.025,0.05,0,0.108,0.1,0.1,0.1,R,0.011968851089477539
1,30,18,Bobyqa_nAGQ0,1835.667891440612,0.0007672676676895228,0.19649715580462943,4.345324993133545,-0.4612911359465262,-0.18938208766219625,2,5,8,0.025,0.05,0,0.108,0.1,0.1,0.1,R,0.011968851089477539
1,30,18,Bobyqa_nAGQ1,1835.6522092064208,0.0008261446633246717,0.3868259742252767,8.699738025665283,-0.46770937293273157,-0.19308841747788097,2,5,8,0.025,0.05,0,0.108,0.1,0.1,0.1,R,0.011968851089477539
1,30,18,nloptwrap_nAGQ0,1835.6678975353802,0.0007647331034369673,0.19628915682054676,1.7522640228271484,-0.4612950021714656,-0.18945545087536353,2,5,8,0.025,0.05,0,0.108,0.1,0.1,0.1,R,0.011968851089477539
1,30,18,nloptwrap_nAGQ1,1835.6526288975276,0.0008387652527294151,0.39678778268449594,3.708085060119629,-0.4674766525647357,-0.19077473820726693,2,5,8,0.025,0.05,0,0.108,0.1,0.1,0.1,R,0.011968851089477539
1,30,18,R: LRT,0.0,0.0,1.3962671756744385,1.3962671756744385,0.0,0.0,2,5,8,0.025,0.05,0,0.108,0.1,0.1,0.1,R,0.011968851089477539
1,30,18,JuliaAIC_NeldMeader_AGP0,1835.1057013678262,0.0024574353581043634,0.14764340035252996,24.942,-0.4693185908248545,-0.21354456807358432,2,5,8,0.025,0.05,0,0.108,0.1,0.1,0.1,Julia,0.011968851089477539
1,30,18,JuliaAIC_bobyqa_AGP0,1835.667887297105,0.0007671805779725818,0.19637130099748532,0.98,-0.475801850277598,-0.2180288651061865,2,5,8,0.025,0.05,0,0.108,0.1,0.1,0.1,Julia,0.011968851089477539
1,30,18,JuliaAIC_NeldMeader_AGP1,1835.0843959870722,0.0021953352057498053,0.14026580495917454,43.711,-0.4757891722569366,-0.21777367342541618,2,5,8,0.025,0.05,0,0.108,0.1,0.1,0.1,Julia,0.011968851089477539
1,30,18,JuliaAIC_bobyqa_AGP1,1835.0843988350678,0.002190932523456886,0.1407075022381532,2.584,-0.46129744994698985,-0.18943603841799278,2,5,8,0.025,0.05,0,0.108,0.1,0.1,0.1,Julia,0.011968851089477539
1,30,18,JuliaLRT,0.0,0.0,0.5645762210396417,1.333,0.0,0.0,2,5,8,0.025,0.05,0,0.108,0.1,0.1,0.1,Julia,0.011968851089477539
1,30,20,NelderMead_nAGQ0,2106.8141665500643,0.025048421209738915,0.6527150674865658,4.743283033370972,-0.36143339354662496,0.05319271071071058,2,5,8,0.025,0.05,0,0.108,0.1,0.1,0.1,R,0.01499485969543457
1,30,20,NelderMead_nAGQ1,2106.7898147078645,0.024641423797571192,0.7588381175873777,12.199380874633789,-0.36457358022441466,0.05654657746290744,2,5,8,0.025,0.05,0,0.108,0.1,0.1,0.1,R,0.01499485969543457
1,30,20,Bobyqa_nAGQ0,2106.8141665500643,0.025048421209738915,0.6527150674865658,4.693451166152954,-0.36143339354662496,0.05319271071071058,2,5,8,0.025,0.05,0,0.108,0.1,0.1,0.1,R,0.01499485969543457
1,30,20,Bobyqa_nAGQ1,2106.789787462792,0.024607073474649944,0.7592234221343481,12.546452045440674,-0.36469087933770383,0.05645298578501196,2,5,8,0.025,0.05,0,0.108,0.1,0.1,0.1,R,0.01499485969543457
1,30,20,nloptwrap_nAGQ0,2106.8156874102015,0.024995066043292394,0.6502522062969494,1.2805750370025635,-0.36146046103242774,0.05356090783927818,2,5,8,0.025,0.05,0,0.108,0.1,0.1,0.1,R,0.01499485969543457
1,30,20,nloptwrap_nAGQ1,2106.791574778549,0.023989991537428423,0.7602683994095343,3.4487781524658203,-0.36589657184535923,0.056229840836736655,2,5,8,0.025,0.05,0,0.108,0.1,0.1,0.1,R,0.01499485969543457
1,30,20,R: LRT,0.0,0.0,1.2725977897644043,1.2725977897644043,0.0,0.0,2,5,8,0.025,0.05,0,0.108,0.1,0.1,0.1,R,0.01499485969543457
1,30,20,JuliaAIC_NeldMeader_AGP0,2106.8141548887993,0.025045881197635,0.6526886242093008,13.423,-0.3614333052245323,0.05319706973621015,2,5,8,0.025,0.05,0,0.108,0.1,0.1,0.1,Julia,0.01499485969543457
1,30,20,JuliaAIC_bobyqa_AGP0,2106.8141554974604,0.02503741164107968,0.6531720832530525,0.857,-0.36473503720226363,0.05650514161436221,2,5,8,0.025,0.05,0,0.108,0.1,0.1,0.1,Julia,0.01499485969543457
1,30,20,JuliaAIC_NeldMeader_AGP1,2106.7896444171747,0.02403225741037829,0.6333403033671587,55.821,-0.3670311114977297,0.06747483983981578,2,5,8,0.025,0.05,0,0.108,0.1,0.1,0.1,Julia,0.01499485969543457
1,30,20,JuliaAIC_bobyqa_AGP1,2106.7979675860843,0.023290570979973297,0.5689363461270776,3.205,-0.36143040259238174,0.05311720678266998,2,5,8,0.025,0.05,0,0.108,0.1,0.1,0.1,Julia,0.01499485969543457
1,30,20,JuliaLRT,0.0,0.0,0.7628389968340611,1.063,0.0,0.0,2,5,8,0.025,0.05,0,0.108,0.1,0.1,0.1,Julia,0.01499485969543457
1,40,10,NelderMead_nAGQ0,1324.7428022888732,0.04778946140757728,0.36519138429261744,3.3031182289123535,-0.3517887696200032,-0.1869730047678344,2,5,8,0.025,0.05,0,0.108,0.1,0.1,0.1,R,0.00998377799987793
1,40,10,NelderMead_nAGQ1,1324.7278181018323,0.04352517066216037,0.47545064481251176,16.356266975402832,-0.3621259256588891,-0.18859698644303102,2,5,8,0.025,0.05,0,0.108,0.1,0.1,0.1,R,0.00998377799987793
1,40,10,Bobyqa_nAGQ0,1324.7428022888732,0.04778946140757728,0.36519138429261744,3.377969980239868,-0.3517887696200032,-0.1869730047678344,2,5,8,0.025,0.05,0,0.108,0.1,0.1,0.1,R,0.00998377799987793
1,40,10,Bobyqa_nAGQ1,1324.727816940839,0.04348850967223096,0.47539242365491324,5.682805061340332,-0.3621963233021568,-0.18862383525189158,2,5,8,0.025,0.05,0,0.108,0.1,0.1,0.1,R,0.00998377799987793
1,40,10,nloptwrap_nAGQ0,1324.7431536042652,0.04773820586660517,0.36434116001195616,1.1189579963684082,-0.35177662923283926,-0.18729195423634212,2,5,8,0.025,0.05,0,0.108,0.1,0.1,0.1,R,0.00998377799987793
1,40,10,nloptwrap_nAGQ1,1324.72820512403,0.04456647950649306,0.47861252155513684,2.541206121444702,-0.36023156011338436,-0.18725132145804912,2,5,8,0.025,0.05,0,0.108,0.1,0.1,0.1,R,0.00998377799987793
1,40,10,R: LRT,0.0,0.0,0.5355679988861084,0.5355679988861084,0.0,0.0,2,5,8,0.025,0.05,0,0.108,0.1,0.1,0.1,R,0.00998377799987793
1,40,10,JuliaAIC_NeldMeader_AGP0,1324.6475113880958,0.05143117688853177,0.35891716691758413,12.307,-0.35245831616616263,-0.18944304834978765,2,5,8,0.025,0.05,0,0.108,0.1,0.1,0.1,Julia,0.00998377799987793
1,40,10,JuliaAIC_bobyqa_AGP0,1324.7416331091154,0.047774936145151575,0.3650779717431188,0.553,-0.36272175023222974,-0.19113017071506044,2,5,8,0.025,0.05,0,0.108,0.1,0.1,0.1,Julia,0.00998377799987793
1,40,10,JuliaAIC_NeldMeader_AGP1,1324.6323785346106,0.045270959878181,0.35542571593172556,19.579,-0.3626741075176584,-0.19099970057870738,2,5,8,0.025,0.05,0,0.108,0.1,0.1,0.1,Julia,0.00998377799987793
1,40,10,JuliaAIC_bobyqa_AGP1,1324.632379082279,0.04530742344955802,0.3557632070532867,1.383,-0.35179130910627354,-0.18702960803821528,2,5,8,0.025,0.05,0,0.108,0.1,0.1,0.1,Julia,0.00998377799987793
1,40,10,JuliaLRT,0.0,0.0,0.5191362557586053,0.827,0.0,0.0,2,5,8,0.025,0.05,0,0.108,0.1,0.1,0.1,Julia,0.00998377799987793
1,40,12,NelderMead_nAGQ0,1571.0131258741867,0.47626453616592807,0.2074244029861322,12.067680835723877,-0.1091428938408129,-0.18803010941044332,2,5,8,0.025,0.05,0,0.108,0.1,0.1,0.1,R,0.009989023208618164
1,40,12,NelderMead_nAGQ1,1571.0052785412481,0.4853590923805988,0.4304788758324472,18.428702116012573,-0.1112789228672835,-0.18974124088593877,2,5,8,0.025,0.05,0,0.108,0.1,0.1,0.1,R,0.009989023208618164
1,40,12,Bobyqa_nAGQ0,1571.0131258741867,0.47626453616592807,0.2074244029861322,11.880215167999268,-0.1091428938408129,-0.18803010941044332,2,5,8,0.025,0.05,0,0.108,0.1,0.1,0.1,R,0.009989023208618164
1,40,12,Bobyqa_nAGQ1,1571.0052776222396,0.4853632138323537,0.43043628512894827,20.84610891342163,-0.11128022684189415,-0.18975759068951112,2,5,8,0.025,0.05,0,0.108,0.1,0.1,0.1,R,0.009989023208618164
1,40,12,nloptwrap_nAGQ0,1571.0394442416482,0.4854872849417172,0.21232529422229945,1.5125479698181152,-0.10925318764668224,-0.18609882269571384,2,5,8,0.025,0.05,0,0.108,0.1,0.1,0.1,R,0.009989023208618164
1,40,12,nloptwrap_nAGQ1,1571.0313870892242,0.49671765135999263,0.43580971569871246,3.51763916015625,-0.110320235614426,-0.18748811503127114,2,5,8,0.025,0.05,0,0.108,0.1,0.1,0.1,R,0.009989023208618164
1,40,12,R: LRT,0.0,0.0,1.39900803565979,1.39900803565979,0.0,0.0,2,5,8,0.025,0.05,0,0.108,0.1,0.1,0.1,R,0.009989023208618164
1,40,12,JuliaAIC_NeldMeader_AGP0,1571.0565514719142,0.4840444296734768,0.2162622458160012,11.367,-0.1092554940543221,-0.18438607973551516,2,5,8,0.025,0.05,0,0.108,0.1,0.1,0.1,Julia,0.009989023208618164
1,40,12,JuliaAIC_bobyqa_AGP0,1571.039546048049,0.4851700487215742,0.2112931127990129,0.788,-0.11132091445347467,-0.18976581439333862,2,5,8,0.025,0.05,0,0.108,0.1,0.1,0.1,Julia,0.009989023208618164
1,40,12,JuliaAIC_NeldMeader_AGP1,1571.0052527842356,0.4678696804692438,0.20366228519200386,72.375,-0.10655118590150015,-0.18953740530086044,2,5,8,0.025,0.05,0,0.108,0.1,0.1,0.1,Julia,0.009989023208618164
1,40,12,JuliaAIC_bobyqa_AGP1,1571.023803544695,0.48590233388225407,0.20416443564017653,9.671,-0.10922366717745358,-0.18645774469307408,2,5,8,0.025,0.05,0,0.108,0.1,0.1,0.1,Julia,0.009989023208618164
1,40,12,JuliaLRT,0.0,0.0,0.44533964037367363,2.447,0.0,0.0,2,5,8,0.025,0.05,0,0.108,0.1,0.1,0.1,Julia,0.009989023208618164
1,40,14,NelderMead_nAGQ0,1858.064155948702,0.0003113095518668822,0.2729754664845503,9.46309208869934,-0.5697792005039921,0.16424217335106403,2,5,8,0.025,0.05,0,0.108,0.1,0.1,0.1,R,0.012964963912963867
1,40,14,NelderMead_nAGQ1,1858.0517858621952,0.0003834405050239114,0.46215906045701133,19.34876585006714,-0.57364328532936,0.16774538331374922,2,5,8,0.025,0.05,0,0.108,0.1,0.1,0.1,R,0.012964963912963867
1,40,14,Bobyqa_nAGQ0,1858.064155948702,0.0003113095518668822,0.2729754664845503,9.443403005599976,-0.5697792005039921,0.16424217335106403,2,5,8,0.025,0.05,0,0.108,0.1,0.1,0.1,R,0.012964963912963867
1,40,14,Bobyqa_nAGQ1,1858.0517851268455,0.0003838015858527962,0.46211994756013525,18.638304948806763,-0.5736342605914804,0.1677608821340361,2,5,8,0.025,0.05,0,0.108,0.1,0.1,0.1,R,0.012964963912963867
1,40,14,nloptwrap_nAGQ0,1858.1361224402362,0.00017686230569842698,0.29299210850362717,1.51328706741333,-0.5704363244795562,0.15762136316426703,2,5,8,0.025,0.05,0,0.108,0.1,0.1,0.1,R,0.012964963912963867
1,40,14,nloptwrap_nAGQ1,1858.131460561753,0.00025739396821561274,0.4895774520874522,3.3060290813446045,-0.5704363244795562,0.15762136316426703,2,5,8,0.025,0.05,0,0.108,0.1,0.1,0.1,R,0.012964963912963867
1,40,14,R: LRT,0.0,0.0,1.341939926147461,1.341939926147461,0.0,0.0,2,5,8,0.025,0.05,0,0.108,0.1,0.1,0.1,R,0.012964963912963867
1,40,14,JuliaAIC_NeldMeader_AGP0,1858.0595471974175,0.00031105015465329055,0.27336249565339177,15.404,-0.5697998617394997,0.1641399501969604,2,5,8,0.025,0.05,0,0.108,0.1,0.1,0.1,Julia,0.012964963912963867
1,40,14,JuliaAIC_bobyqa_AGP0,1858.0595527558428,0.0003114018110927839,0.27332093067839786,1.479,-0.6322303185384066,-0.07636226761403742,2,5,8,0.025,0.05,0,0.108,0.1,0.1,0.1,Julia,0.012964963912963867
1,40,14,JuliaAIC_NeldMeader_AGP1,1859.3376588990482,6.643343913266453e-6,0.6104313916556932,76.026,-0.5741983833658583,0.16076978152994825,2,5,8,0.025,0.05,0,0.108,0.1,0.1,0.1,Julia,0.012964963912963867
1,40,14,JuliaAIC_bobyqa_AGP1,1858.12337769585,0.00016219265826051654,0.28413698814470595,2.959,-0.569795211754794,0.1641552267016919,2,5,8,0.025,0.05,0,0.108,0.1,0.1,0.1,Julia,0.012964963912963867
1,40,14,JuliaLRT,0.0,0.0,0.46743790175529587,1.963,0.0,0.0,2,5,8,0.025,0.05,0,0.108,0.1,0.1,0.1,Julia,0.012964963912963867
1,40,16,NelderMead_nAGQ0,2002.1640281601237,0.10073987886360822,0.9405433559017554,6.303585052490234,-0.23332422800313232,-0.012035286933091166,2,5,8,0.025,0.05,0,0.108,0.1,0.1,0.1,R,0.014960050582885742
1,40,16,NelderMead_nAGQ1,2002.1351834984305,0.11243439023647275,0.9534611492647079,19.932942152023315,-0.24098435860145714,-0.01264105798043062,2,5,8,0.025,0.05,0,0.108,0.1,0.1,0.1,R,0.014960050582885742
1,40,16,Bobyqa_nAGQ0,2002.1640281601237,0.10073987886360822,0.9405433559017554,6.334248065948486,-0.23332422800313232,-0.012035286933091166,2,5,8,0.025,0.05,0,0.108,0.1,0.1,0.1,R,0.014960050582885742
1,40,16,Bobyqa_nAGQ1,2002.1351376590353,0.11233063594093827,0.9536069202479531,11.041579961776733,-0.2410528729689104,-0.01260136535765699,2,5,8,0.025,0.05,0,0.108,0.1,0.1,0.1,R,0.014960050582885742
1,40,16,nloptwrap_nAGQ0,2002.7581398842246,0.11565591540618636,0.9179468797360839,1.2098720073699951,-0.23092743221003043,-0.016581871999857587,2,5,8,0.025,0.05,0,0.108,0.1,0.1,0.1,R,0.014960050582885742
1,40,16,nloptwrap_nAGQ1,2002.729981963282,0.12366448170789553,0.94790713289342,3.835747003555298,-0.2408674823485432,-0.01414352594310623,2,5,8,0.025,0.05,0,0.108,0.1,0.1,0.1,R,0.014960050582885742
1,40,16,R: LRT,0.0,0.0,2.021955966949463,2.021955966949463,0.0,0.0,2,5,8,0.025,0.05,0,0.108,0.1,0.1,0.1,R,0.014960050582885742
1,40,16,JuliaAIC_NeldMeader_AGP0,2002.1551727833464,0.10079533349584638,0.9398866983836462,15.634,-0.23327472295306578,-0.012171423079379283,2,5,8,0.025,0.05,0,0.108,0.1,0.1,0.1,Julia,0.014960050582885742
1,40,16,JuliaAIC_bobyqa_AGP0,2002.1551733778804,0.10080013911826215,0.9398193387927932,1.637,-0.24111547877546965,-0.012633306343987669,2,5,8,0.025,0.05,0,0.108,0.1,0.1,0.1,Julia,0.014960050582885742
1,40,16,JuliaAIC_NeldMeader_AGP1,2002.1350554524736,0.09013998320041856,0.9376835350795597,72.754,-0.2477813322421429,0.014751176899560962,2,5,8,0.025,0.05,0,0.108,0.1,0.1,0.1,Julia,0.014960050582885742
1,40,16,JuliaAIC_bobyqa_AGP1,2002.7480554462456,0.09071200708991108,0.9270749094488815,2.555,-0.23326799553500852,-0.012185080755313694,2,5,8,0.025,0.05,0,0.108,0.1,0.1,0.1,Julia,0.014960050582885742
1,40,16,JuliaLRT,0.0,0.0,0.9544967711435516,1.238,0.0,0.0,2,5,8,0.025,0.05,0,0.108,0.1,0.1,0.1,Julia,0.014960050582885742
1,40,18,NelderMead_nAGQ0,2400.5879720637963,0.028287327055377905,0.009762133753340056,40.17493987083435,-0.30308318825842306,-0.3291389457371379,2,5,8,0.025,0.05,0,0.108,0.1,0.1,0.1,R,0.01695394515991211
1,40,18,NelderMead_nAGQ1,2400.5609934094527,0.029085425605103632,0.07738372080110807,47.88890886306763,-0.30372976645749317,-0.3345780752936358,2,5,8,0.025,0.05,0,0.108,0.1,0.1,0.1,R,0.01695394515991211
1,40,18,Bobyqa_nAGQ0,2400.5879720637963,0.028287327055377905,0.009762133753340056,39.22167706489563,-0.30308318825842306,-0.3291389457371379,2,5,8,0.025,0.05,0,0.108,0.1,0.1,0.1,R,0.01695394515991211
1,40,18,Bobyqa_nAGQ1,2400.560991935158,0.029086854035213848,0.07738706225255403,46.27768898010254,-0.3037307352457321,-0.33457571990022117,2,5,8,0.025,0.05,0,0.108,0.1,0.1,0.1,R,0.01695394515991211
1,40,18,nloptwrap_nAGQ0,2400.7175516536468,0.0325163749824817,0.009144176788773124,2.685861110687256,-0.3030516747216165,-0.33551964951629276,2,5,8,0.025,0.05,0,0.108,0.1,0.1,0.1,R,0.01695394515991211
1,40,18,nloptwrap_nAGQ1,2400.581272577342,0.0306239752158881,0.08016295989623098,5.2856199741363525,-0.30340260404920016,-0.332228106439697,2,5,8,0.025,0.05,0,0.108,0.1,0.1,0.1,R,0.01695394515991211
1,40,18,R: LRT,0.0,0.0,1.2955350875854492,1.2955350875854492,0.0,0.0,2,5,8,0.025,0.05,0,0.108,0.1,0.1,0.1,R,0.01695394515991211
1,40,18,JuliaAIC_NeldMeader_AGP0,2400.4481014293597,0.03057941759291956,0.009446538372317194,37.897,-0.3036769353930634,-0.33097961878774074,2,5,8,0.025,0.05,0,0.108,0.1,0.1,0.1,Julia,0.01695394515991211
1,40,18,JuliaAIC_bobyqa_AGP0,2400.575966741655,0.028376125713846595,0.009738412155668633,1.735,-0.30422285038383734,-0.33636827309252215,2,5,8,0.025,0.05,0,0.108,0.1,0.1,0.1,Julia,0.01695394515991211
1,40,18,JuliaAIC_NeldMeader_AGP1,2400.432524911267,0.030362527820233954,0.008416579596627703,189.506,-0.30304773966389686,-0.3390808134517159,2,5,8,0.025,0.05,0,0.108,0.1,0.1,0.1,Julia,0.01695394515991211
1,40,18,JuliaAIC_bobyqa_AGP1,2400.433363797655,0.031348482305191064,0.007920660887484795,9.473,-0.30306012986232217,-0.32938568829704357,2,5,8,0.025,0.05,0,0.108,0.1,0.1,0.1,Julia,0.01695394515991211
1,40,18,JuliaLRT,0.0,0.0,0.08240382150860867,1.556,0.0,0.0,2,5,8,0.025,0.05,0,0.108,0.1,0.1,0.1,Julia,0.01695394515991211
1,40,20,NelderMead_nAGQ0,2512.6031176419224,0.0008810748722489152,0.016525625984980443,8.068643808364868,-0.43975977152422957,-0.32410067084758026,2,5,8,0.025,0.05,0,0.108,0.1,0.1,0.1,R,0.016955137252807617
1,40,20,NelderMead_nAGQ1,2512.5619575780697,0.0006829806040168239,0.08678357187777916,31.94926881790161,-0.45464683918528426,-0.3264748326713248,2,5,8,0.025,0.05,0,0.108,0.1,0.1,0.1,R,0.016955137252807617
1,40,20,Bobyqa_nAGQ0,2512.6031176419224,0.0008810748722489152,0.016525625984980443,8.055419921875,-0.43975977152422957,-0.32410067084758026,2,5,8,0.025,0.05,0,0.108,0.1,0.1,0.1,R,0.016955137252807617
1,40,20,Bobyqa_nAGQ1,2512.561365378033,0.0006800450887242164,0.0862590927361857,15.79000997543335,-0.4550524669897172,-0.3270385936308363,2,5,8,0.025,0.05,0,0.108,0.1,0.1,0.1,R,0.016955137252807617
1,40,20,nloptwrap_nAGQ0,2512.6031559613543,0.0008917814984595294,0.016319348040831298,2.120805025100708,-0.43970548178951074,-0.32475643439514695,2,5,8,0.025,0.05,0,0.108,0.1,0.1,0.1,R,0.016955137252807617
1,40,20,nloptwrap_nAGQ1,2512.5765068953237,0.0007696254652058732,0.08935472732260671,4.892122983932495,-0.4513880319274414,-0.32427854609949763,2,5,8,0.025,0.05,0,0.108,0.1,0.1,0.1,R,0.016955137252807617
1,40,20,R: LRT,0.0,0.0,2.3452489376068115,2.3452489376068115,0.0,0.0,2,5,8,0.025,0.05,0,0.108,0.1,0.1,0.1,R,0.016955137252807617
1,40,20,JuliaAIC_NeldMeader_AGP0,2512.5981595602384,0.0008814169845230175,0.016501322371314034,44.603,-0.4397406191043806,-0.3242201088661873,2,5,8,0.025,0.05,0,0.108,0.1,0.1,0.1,Julia,0.016955137252807617
1,40,20,JuliaAIC_bobyqa_AGP0,2512.598159926541,0.0008817014164043476,0.01650211020616063,2.046,-0.45372663397004737,-0.31441243104729844,2,5,8,0.025,0.05,0,0.108,0.1,0.1,0.1,Julia,0.016955137252807617
1,40,20,JuliaAIC_NeldMeader_AGP1,2514.4180146070794,0.00021553781207663821,0.020079430192672987,78.446,-0.44698402384670977,-0.32711981170170534,2,5,8,0.025,0.05,0,0.108,0.1,0.1,0.1,Julia,0.016955137252807617
1,40,20,JuliaAIC_bobyqa_AGP1,2512.5807023237203,0.0007447950956445965,0.015693789298036505,3.682,-0.4397399457679939,-0.32421845111685343,2,5,8,0.025,0.05,0,0.108,0.1,0.1,0.1,Julia,0.016955137252807617
1,40,20,JuliaLRT,0.0,0.0,0.08966068814868948,1.47,0.0,0.0,2,5,8,0.025,0.05,0,0.108,0.1,0.1,0.1,Julia,0.016955137252807617
1,50,10,NelderMead_nAGQ0,1623.532387451088,0.0005172159899062378,0.018604723994046793,4.752025127410889,-0.5128861409061887,-0.3961152711189623,2,5,8,0.025,0.05,0,0.108,0.1,0.1,0.1,R,0.011967897415161133
1,50,10,NelderMead_nAGQ1,1623.5188935475808,0.0004809149239657183,0.10118600894054908,20.697965145111084,-0.5175097513400849,-0.400268436066225,2,5,8,0.025,0.05,0,0.108,0.1,0.1,0.1,R,0.011967897415161133
1,50,10,Bobyqa_nAGQ0,1623.532387451088,0.0005172159899062378,0.018604723994046793,4.864014148712158,-0.5128861409061887,-0.3961152711189623,2,5,8,0.025,0.05,0,0.108,0.1,0.1,0.1,R,0.011967897415161133
1,50,10,Bobyqa_nAGQ1,1623.5188807488976,0.000481123731142107,0.10147565516291546,9.753574848175049,-0.5177431157443025,-0.40050989612295634,2,5,8,0.025,0.05,0,0.108,0.1,0.1,0.1,R,0.011967897415161133
1,50,10,nloptwrap_nAGQ0,1625.1622989551638,0.0002704567755952131,0.02743541079304281,1.5369579792022705,-0.5080346827301886,-0.3704439375154395,2,5,8,0.025,0.05,0,0.108,0.1,0.1,0.1,R,0.011967897415161133
1,50,10,nloptwrap_nAGQ1,1625.1323504538136,0.00022510277116772186,0.12661345664679843,3.7375199794769287,-0.5133434382232152,-0.3705000442540922,2,5,8,0.025,0.05,0,0.108,0.1,0.1,0.1,R,0.011967897415161133
1,50,10,R: LRT,0.0,0.0,1.256155014038086,1.256155014038086,0.0,0.0,2,5,8,0.025,0.05,0,0.108,0.1,0.1,0.1,R,0.011967897415161133
1,50,10,JuliaAIC_NeldMeader_AGP0,1623.52182989519,0.0005417659956062833,0.018347668183314996,16.469,-0.5126721032235922,-0.39808657194475067,2,5,8,0.025,0.05,0,0.108,0.1,0.1,0.1,Julia,0.011967897415161133
1,50,10,JuliaAIC_bobyqa_AGP0,1623.5218302172855,0.0005412313951215507,0.018366093735670153,0.789,-0.5157144511577636,-0.4026823613597484,2,5,8,0.025,0.05,0,0.108,0.1,0.1,0.1,Julia,0.011967897415161133
1,50,10,JuliaAIC_NeldMeader_AGP1,1623.5121917317392,0.0005119424662626072,0.017173773814704134,19.063,-0.5171239468180261,-0.4023967828259781,2,5,8,0.025,0.05,0,0.108,0.1,0.1,0.1,Julia,0.011967897415161133
1,50,10,JuliaAIC_bobyqa_AGP1,1623.511680365097,0.0004889833119813513,0.017263387464515834,2.744,-0.5126741714499398,-0.39802204198914903,2,5,8,0.025,0.05,0,0.108,0.1,0.1,0.1,Julia,0.011967897415161133
1,50,10,JuliaLRT,0.0,0.0,0.10358553761974358,0.851,0.0,0.0,2,5,8,0.025,0.05,0,0.108,0.1,0.1,0.1,Julia,0.011967897415161133
1,50,12,NelderMead_nAGQ0,1900.0050296998547,1.3224448415394122e-5,0.9976389115473073,4.928972959518433,-0.5697139930052565,0.00047583520559776985,2,5,8,0.025,0.05,0,0.108,0.1,0.1,0.1,R,0.012957096099853516
1,50,12,NelderMead_nAGQ1,1899.9915681441228,1.708908673317457e-5,0.9993758716209488,19.73116111755371,-0.5717528430343597,-0.00017134668549808897,2,5,8,0.025,0.05,0,0.108,0.1,0.1,0.1,R,0.012957096099853516
1,50,12,Bobyqa_nAGQ0,1900.0050296998547,1.3224448415394122e-5,0.9976389115473073,4.839380979537964,-0.5697139930052565,0.00047583520559776985,2,5,8,0.025,0.05,0,0.108,0.1,0.1,0.1,R,0.012957096099853516
1,50,12,Bobyqa_nAGQ1,1899.991568140809,1.7084988460007683e-5,0.999391203269909,9.812108039855957,-0.5717556170111113,-0.00016713525379227374,2,5,8,0.025,0.05,0,0.108,0.1,0.1,0.1,R,0.012957096099853516
1,50,12,nloptwrap_nAGQ0,1900.0050482016532,1.3212452638214973e-5,0.998640288909458,1.9399337768554688,-0.5697076874335446,0.0002740039469402131,2,5,8,0.025,0.05,0,0.108,0.1,0.1,0.1,R,0.012957096099853516
1,50,12,nloptwrap_nAGQ1,1899.9919644238666,1.6359466722628292e-5,0.9980821939150691,4.307360887527466,-0.5723470140896973,0.000526519538075653,2,5,8,0.025,0.05,0,0.108,0.1,0.1,0.1,R,0.012957096099853516
1,50,12,R: LRT,0.0,0.0,1.7424840927124023,1.7424840927124023,0.0,0.0,2,5,8,0.025,0.05,0,0.108,0.1,0.1,0.1,R,0.012957096099853516
1,50,12,JuliaAIC_NeldMeader_AGP0,1900.001222308601,1.3256549148191709e-5,0.998035204436725,14.823,-0.5697065484187055,0.00039604140631290284,2,5,8,0.025,0.05,0,0.108,0.1,0.1,0.1,Julia,0.012957096099853516
1,50,12,JuliaAIC_bobyqa_AGP0,1900.0011802341755,1.3217348985477847e-5,0.9974681369883058,0.58,-0.5718728352635354,-0.00017153654306091635,2,5,8,0.025,0.05,0,0.108,0.1,0.1,0.1,Julia,0.012957096099853516
1,50,12,JuliaAIC_NeldMeader_AGP1,1899.991141727825,1.2869075689401175e-5,0.9991495795479497,41.067,-0.5724086234649861,-9.442134663748722e-5,2,5,8,0.025,0.05,0,0.108,0.1,0.1,0.1,Julia,0.012957096099853516
1,50,12,JuliaAIC_bobyqa_AGP1,1899.9918425046944,1.211551573188652e-5,0.9995319378023532,11.13,-0.5697375643381931,0.0005103205511555386,2,5,8,0.025,0.05,0,0.108,0.1,0.1,0.1,Julia,0.012957096099853516
1,50,12,JuliaLRT,0.0,0.0,0.9956092427539782,0.753,0.0,0.0,2,5,8,0.025,0.05,0,0.108,0.1,0.1,0.1,Julia,0.012957096099853516
1,50,14,NelderMead_nAGQ0,2382.951451650009,0.008235077872493297,0.656511543480286,6.076908826828003,-0.35595637011506326,-0.05757041765211767,2,5,8,0.025,0.05,0,0.108,0.1,0.1,0.1,R,0.014960050582885742
1,50,14,NelderMead_nAGQ1,2382.938416032585,0.008723089819947624,0.7594633910006399,18.242938995361328,-0.35459443807656355,-0.05567094733676356,2,5,8,0.025,0.05,0,0.108,0.1,0.1,0.1,R,0.014960050582885742
1,50,14,Bobyqa_nAGQ0,2382.951451650009,0.008235077872493297,0.656511543480286,6.053292989730835,-0.35595637011506326,-0.05757041765211767,2,5,8,0.025,0.05,0,0.108,0.1,0.1,0.1,R,0.014960050582885742
1,50,14,Bobyqa_nAGQ1,2382.9384157031086,0.008729290723935476,0.7595842669109785,12.776015996932983,-0.3545700967092027,-0.055641134547679306,2,5,8,0.025,0.05,0,0.108,0.1,0.1,0.1,R,0.014960050582885742
1,50,14,nloptwrap_nAGQ0,2382.9515121527465,0.008240967039993703,0.6559531514817315,1.8986530303955078,-0.3559636163365508,-0.05767368311939267,2,5,8,0.025,0.05,0,0.108,0.1,0.1,0.1,R,0.014960050582885742
1,50,14,nloptwrap_nAGQ1,2382.9423326151577,0.008746663743232658,0.7592926488918453,4.358781099319458,-0.3555296605417283,-0.05573631049174855,2,5,8,0.025,0.05,0,0.108,0.1,0.1,0.1,R,0.014960050582885742
1,50,14,R: LRT,0.0,0.0,1.6322779655456543,1.6322779655456543,0.0,0.0,2,5,8,0.025,0.05,0,0.108,0.1,0.1,0.1,R,0.014960050582885742
1,50,14,JuliaAIC_NeldMeader_AGP0,2382.953165751436,0.008179535143213477,0.651014744409559,22.97,-0.35598993719134797,-0.05854935519314381,2,5,8,0.025,0.05,0,0.108,0.1,0.1,0.1,Julia,0.014960050582885742
1,50,14,JuliaAIC_bobyqa_AGP0,2383.6351977573163,0.011470123085883608,0.5934122626678556,1.686,-0.35454802508142774,-0.054927324095586934,2,5,8,0.025,0.05,0,0.108,0.1,0.1,0.1,Julia,0.014960050582885742
1,50,14,JuliaAIC_NeldMeader_AGP1,2382.9393737306596,0.008514750904347137,0.6715400373627584,73.572,-0.35443414146370866,-0.05530894751074344,2,5,8,0.025,0.05,0,0.108,0.1,0.1,0.1,Julia,0.014960050582885742
1,50,14,JuliaAIC_bobyqa_AGP1,2382.9383963968307,0.00853390144186872,0.6694007879845678,4.7,-0.3581382638586737,-0.06929327814140748,2,5,8,0.025,0.05,0,0.108,0.1,0.1,0.1,Julia,0.014960050582885742
1,50,14,JuliaLRT,0.0,0.0,1.0,2.112,0.0,0.0,2,5,8,0.025,0.05,0,0.108,0.1,0.1,0.1,Julia,0.014960050582885742
1,50,16,NelderMead_nAGQ0,2663.97000332032,0.04717021695257388,0.8426486935779155,7.7657129764556885,-0.3443911747431447,-0.01861937195722289,2,5,8,0.025,0.05,0,0.108,0.1,0.1,0.1,R,0.04089021682739258
1,50,16,NelderMead_nAGQ1,2663.9609709365996,0.04531930392782785,0.9149804594116988,16.8424711227417,-0.3479350278776139,-0.019132236098444444,2,5,8,0.025,0.05,0,0.108,0.1,0.1,0.1,R,0.04089021682739258
1,50,16,Bobyqa_nAGQ0,2663.97000332032,0.04717021695257388,0.8426486935779155,5.521129131317139,-0.3443911747431447,-0.01861937195722289,2,5,8,0.025,0.05,0,0.108,0.1,0.1,0.1,R,0.04089021682739258
1,50,16,Bobyqa_nAGQ1,2663.9609596619757,0.04536588499033274,0.9155284344415411,14.08768892288208,-0.34788646997439215,-0.019008453769633688,2,5,8,0.025,0.05,0,0.108,0.1,0.1,0.1,R,0.04089021682739258
1,50,16,nloptwrap_nAGQ0,2663.9843719173195,0.052947782097232166,0.8348394408045886,1.6091430187225342,-0.34469469007343617,-0.01955866694214069,2,5,8,0.025,0.05,0,0.108,0.1,0.1,0.1,R,0.04089021682739258
1,50,16,nloptwrap_nAGQ1,2663.9647041642843,0.04775762101189517,0.9099634368262282,4.92510199546814,-0.3484062554982453,-0.020268104297896147,2,5,8,0.025,0.05,0,0.108,0.1,0.1,0.1,R,0.04089021682739258
1,50,16,R: LRT,0.0,0.0,2.1338140964508057,2.1338140964508057,0.0,0.0,2,5,8,0.025,0.05,0,0.108,0.1,0.1,0.1,R,0.04089021682739258
1,50,16,JuliaAIC_NeldMeader_AGP0,2663.9656665003645,0.047173578952566124,0.84172887103432,64.182,-0.34439784744024343,-0.018733524581396356,2,5,8,0.025,0.05,0,0.108,0.1,0.1,0.1,Julia,0.04089021682739258
1,50,16,JuliaAIC_bobyqa_AGP0,2663.9656668054745,0.047165603284377154,0.8412226225778778,3.82,-0.3478990438524065,-0.01901947196345201,2,5,8,0.025,0.05,0,0.108,0.1,0.1,0.1,Julia,0.04089021682739258
1,50,16,JuliaAIC_NeldMeader_AGP1,2663.9609474116382,0.044989348139707015,0.8394127959019884,83.713,-0.34759985133296956,-0.018943508216708167,2,5,8,0.025,0.05,0,0.108,0.1,0.1,0.1,Julia,0.04089021682739258
1,50,16,JuliaAIC_bobyqa_AGP1,2663.9609513187493,0.04514850372749017,0.84004533885044,12.125,-0.34440002278294096,-0.018794297743884525,2,5,8,0.025,0.05,0,0.108,0.1,0.1,0.1,Julia,0.04089021682739258
1,50,16,JuliaLRT,0.0,0.0,0.9160411895670353,1.588,0.0,0.0,2,5,8,0.025,0.05,0,0.108,0.1,0.1,0.1,Julia,0.04089021682739258
1,50,18,NelderMead_nAGQ0,3016.781322807058,0.0009636712679793431,0.6179392655667786,7.411529779434204,-0.3257832157821682,0.058591355371454275,2,5,8,0.025,0.05,0,0.108,0.1,0.1,0.1,R,0.01999807357788086
1,50,18,NelderMead_nAGQ1,3016.7713314004613,0.0009319783492317667,0.7182712937669053,31.229504108428955,-0.32806698102340465,0.05903003107176084,2,5,8,0.025,0.05,0,0.108,0.1,0.1,0.1,R,0.01999807357788086
1,50,18,Bobyqa_nAGQ0,3016.781322807058,0.0009636712679793431,0.6179392655667786,7.07420802116394,-0.3257832157821682,0.058591355371454275,2,5,8,0.025,0.05,0,0.108,0.1,0.1,0.1,R,0.01999807357788086
1,50,18,Bobyqa_nAGQ1,3016.7713313183076,0.0009320614196336039,0.718266255602046,13.379201173782349,-0.32806472877471166,0.05903192706818358,2,5,8,0.025,0.05,0,0.108,0.1,0.1,0.1,R,0.01999807357788086
1,50,18,nloptwrap_nAGQ0,3016.1482842711393,0.004939394353026617,0.6767125331686363,2.9829888343811035,-0.32613589244091434,0.04904736220421375,2,5,8,0.025,0.05,0,0.108,0.1,0.1,0.1,R,0.01999807357788086
1,50,18,nloptwrap_nAGQ1,3016.135847565328,0.00485805325590591,0.7619039074069958,6.253278970718384,-0.3278207547044153,0.04981895687765133,2,5,8,0.025,0.05,0,0.108,0.1,0.1,0.1,R,0.01999807357788086
1,50,18,R: LRT,0.0,0.0,1.864016056060791,1.864016056060791,0.0,0.0,2,5,8,0.025,0.05,0,0.108,0.1,0.1,0.1,R,0.01999807357788086
1,50,18,JuliaAIC_NeldMeader_AGP0,3016.143232446003,0.004864681720031822,0.672366103105141,30.267,-0.3260790899665649,0.049750422773940546,2,5,8,0.025,0.05,0,0.108,0.1,0.1,0.1,Julia,0.01999807357788086
1,50,18,JuliaAIC_bobyqa_AGP0,3016.143232393624,0.004863709409397345,0.6723505083249063,2.44,-0.32820081624670067,0.050120133321924595,2,5,8,0.025,0.05,0,0.108,0.1,0.1,0.1,Julia,0.01999807357788086
1,50,18,JuliaAIC_NeldMeader_AGP1,3016.1354993034397,0.0046249858590861155,0.670289643916252,92.631,-0.32810890759923994,0.050242350453900006,2,5,8,0.025,0.05,0,0.108,0.1,0.1,0.1,Julia,0.01999807357788086
1,50,18,JuliaAIC_bobyqa_AGP1,3016.1355075174597,0.004629246203203013,0.6695333143732684,5.061,-0.326078380042057,0.04975294868638493,2,5,8,0.025,0.05,0,0.108,0.1,0.1,0.1,Julia,0.01999807357788086
1,50,18,JuliaLRT,0.0,0.0,0.7625745077006226,1.88,0.0,0.0,2,5,8,0.025,0.05,0,0.108,0.1,0.1,0.1,Julia,0.01999807357788086
1,50,20,NelderMead_nAGQ0,3222.2583870399617,8.946784278204458e-6,0.5460793523635177,33.693942070007324,-0.4791043596391387,-0.05840452937117782,2,5,8,0.025,0.05,0,0.108,0.1,0.1,0.1,R,0.019916057586669922
1,50,20,NelderMead_nAGQ1,3222.2413802387264,9.549138625692671e-6,0.715490820916066,47.768385887145996,-0.48748098576656074,-0.05779730511008241,2,5,8,0.025,0.05,0,0.108,0.1,0.1,0.1,R,0.019916057586669922
1,50,20,Bobyqa_nAGQ0,3222.2583870399617,8.946784278204458e-6,0.5460793523635177,33.553277015686035,-0.4791043596391387,-0.05840452937117782,2,5,8,0.025,0.05,0,0.108,0.1,0.1,0.1,R,0.019916057586669922
1,50,20,Bobyqa_nAGQ1,3222.241376781243,9.54724880398171e-6,0.7155295317204369,48.844507932662964,-0.4874911539145115,-0.05778952617509946,2,5,8,0.025,0.05,0,0.108,0.1,0.1,0.1,R,0.019916057586669922
1,50,20,nloptwrap_nAGQ0,3221.796639903334,2.4851425395648563e-5,0.5726283622110957,3.657238006591797,-0.478570460259139,-0.05455650804148166,2,5,8,0.025,0.05,0,0.108,0.1,0.1,0.1,R,0.019916057586669922
1,50,20,nloptwrap_nAGQ1,3221.7771386082627,2.466876399253982e-5,0.723376001663051,7.577736854553223,-0.486785588695132,-0.05623602294808278,2,5,8,0.025,0.05,0,0.108,0.1,0.1,0.1,R,0.019916057586669922
1,50,20,R: LRT,0.0,0.0,4.3842291831970215,4.3842291831970215,0.0,0.0,2,5,8,0.025,0.05,0,0.108,0.1,0.1,0.1,R,0.019916057586669922
1,50,20,JuliaAIC_NeldMeader_AGP0,3221.791577988023,2.4874341245598815e-5,0.5716755751393005,45.848,-0.47855053232507266,-0.05470570763434883,2,5,8,0.025,0.05,0,0.108,0.1,0.1,0.1,Julia,0.019916057586669922
1,50,20,JuliaAIC_bobyqa_AGP0,3221.7915793020443,2.4889127217746813e-5,0.5717387028502756,3.668,-0.42501922747492793,-0.07616798229663442,2,5,8,0.025,0.05,0,0.108,0.1,0.1,0.1,Julia,0.019916057586669922
1,50,20,JuliaAIC_NeldMeader_AGP1,3222.7673512355755,0.0003675338388275281,0.4315562582347491,113.259,-0.4865324970476785,-0.053945220613434756,2,5,8,0.025,0.05,0,0.108,0.1,0.1,0.1,Julia,0.019916057586669922
1,50,20,JuliaAIC_bobyqa_AGP1,3221.7763540340693,1.8607700791053927e-5,0.5772759622801928,11.091,-0.4785527642797604,-0.054696925642614615,2,5,8,0.025,0.05,0,0.108,0.1,0.1,0.1,Julia,0.019916057586669922
1,50,20,JuliaLRT,0.0,0.0,0.44203977701883024,2.376,0.0,0.0,2,5,8,0.025,0.05,0,0.108,0.1,0.1,0.1,Julia,0.019916057586669922
1,60,10,NelderMead_nAGQ0,1939.8731855774074,0.12397693420582617,0.009605553244746504,4.397243022918701,-0.2564656341370037,-0.28920913599183495,2,5,8,0.025,0.05,0,0.108,0.1,0.1,0.1,R,0.011998891830444336
1,60,10,NelderMead_nAGQ1,1939.8569363014321,0.13677669451420582,0.1406598833017352,9.618289947509766,-0.2547007068984827,-0.2919284018533348,2,5,8,0.025,0.05,0,0.108,0.1,0.1,0.1,R,0.011998891830444336
1,60,10,Bobyqa_nAGQ0,1939.8731855774074,0.12397693420582617,0.009605553244746504,4.397241115570068,-0.2564656341370037,-0.28920913599183495,2,5,8,0.025,0.05,0,0.108,0.1,0.1,0.1,R,0.011998891830444336
1,60,10,Bobyqa_nAGQ1,1939.8569305145322,0.1367213344623929,0.14061633357046846,9.444730043411255,-0.2547265922782018,-0.291959495076979,2,5,8,0.025,0.05,0,0.108,0.1,0.1,0.1,R,0.011998891830444336
1,60,10,nloptwrap_nAGQ0,1940.4845038190597,0.0704290245147178,0.01092460596404263,1.488002061843872,-0.25607770903923516,-0.28305013739916535,2,5,8,0.025,0.05,0,0.108,0.1,0.1,0.1,R,0.011998891830444336
1,60,10,nloptwrap_nAGQ1,1940.4719847618433,0.08414352895932853,0.14447896680003913,3.509582996368408,-0.25440514386632224,-0.288488945927632,2,5,8,0.025,0.05,0,0.108,0.1,0.1,0.1,R,0.011998891830444336
1,60,10,R: LRT,0.0,0.0,1.4770498275756836,1.4770498275756836,0.0,0.0,2,5,8,0.025,0.05,0,0.108,0.1,0.1,0.1,R,0.011998891830444336
1,60,10,JuliaAIC_NeldMeader_AGP0,1939.8692945325704,0.1240284892173626,0.00957736700513752,21.719,-0.2564351015169003,-0.2893600763360131,2,5,8,0.025,0.05,0,0.108,0.1,0.1,0.1,Julia,0.011998891830444336
1,60,10,JuliaAIC_bobyqa_AGP0,1940.4808711880542,0.07047699752792304,0.010927389577921429,0.937,-0.2547873274591944,-0.2920035561249567,2,5,8,0.025,0.05,0,0.108,0.1,0.1,0.1,Julia,0.011998891830444336
1,60,10,JuliaAIC_NeldMeader_AGP1,1939.8568650039017,0.12673479507847418,0.009011700770473117,70.824,-0.25459076399296093,-0.29235627596941627,2,5,8,0.025,0.05,0,0.108,0.1,0.1,0.1,Julia,0.011998891830444336
1,60,10,JuliaAIC_bobyqa_AGP1,1939.856881966442,0.12699460929116546,0.008923440326076346,4.412,-0.25606038992025304,-0.2831140924378649,2,5,8,0.025,0.05,0,0.108,0.1,0.1,0.1,Julia,0.011998891830444336
1,60,10,JuliaLRT,0.0,0.0,0.15197094231247407,0.937,0.0,0.0,2,5,8,0.025,0.05,0,0.108,0.1,0.1,0.1,Julia,0.011998891830444336
1,60,12,NelderMead_nAGQ0,2293.6875925248346,0.004607746972117752,0.0010154472095970579,29.212870121002197,-0.43982240536257566,-0.4878748348301564,2,5,8,0.025,0.05,0,0.108,0.1,0.1,0.1,R,0.01397395133972168
1,60,12,NelderMead_nAGQ1,2293.6785423036786,0.004431702364137426,0.023065479352948132,55.72797083854675,-0.44302739853822193,-0.49422061475250323,2,5,8,0.025,0.05,0,0.108,0.1,0.1,0.1,R,0.01397395133972168
1,60,12,Bobyqa_nAGQ0,2293.6875925248346,0.004607746972117752,0.0010154472095970579,29.247809886932373,-0.43982240536257566,-0.4878748348301564,2,5,8,0.025,0.05,0,0.108,0.1,0.1,0.1,R,0.01397395133972168
1,60,12,Bobyqa_nAGQ1,2293.6785422739836,0.004432499297252741,0.02306991289781685,34.23519015312195,-0.44302173504347275,-0.49421155888510127,2,5,8,0.025,0.05,0,0.108,0.1,0.1,0.1,R,0.01397395133972168
1,60,12,nloptwrap_nAGQ0,2292.9155597258177,0.00671418719757845,0.0011400104606046093,1.9946470260620117,-0.43607465123574923,-0.4823232461070337,2,5,8,0.025,0.05,0,0.108,0.1,0.1,0.1,R,0.01397395133972168
1,60,12,nloptwrap_nAGQ1,2292.906835364498,0.00636999812381808,0.025118369599141897,4.4870030879974365,-0.4398516292933338,-0.4863269142792954,2,5,8,0.025,0.05,0,0.108,0.1,0.1,0.1,R,0.01397395133972168
1,60,12,R: LRT,0.0,0.0,1.9059009552001953,1.9059009552001953,0.0,0.0,2,5,8,0.025,0.05,0,0.108,0.1,0.1,0.1,R,0.01397395133972168
1,60,12,JuliaAIC_NeldMeader_AGP0,2292.9126354092205,0.006782329568210435,0.0011458770998735903,23.961,-0.4360903095997325,-0.48219908852225324,2,5,8,0.025,0.05,0,0.108,0.1,0.1,0.1,Julia,0.01397395133972168
1,60,12,JuliaAIC_bobyqa_AGP0,2293.685310194253,0.004614791260299544,0.001015204013751455,1.192,-0.43970556458949517,-0.48836950241965793,2,5,8,0.025,0.05,0,0.108,0.1,0.1,0.1,Julia,0.01397395133972168
1,60,12,JuliaAIC_NeldMeader_AGP1,2292.906414228096,0.006343020720154663,0.0009998379237735543,100.765,-0.4401248091133827,-0.48757229818693365,2,5,8,0.025,0.05,0,0.108,0.1,0.1,0.1,Julia,0.01397395133972168
1,60,12,JuliaAIC_bobyqa_AGP1,2292.9064396331937,0.006268399426673559,0.0010183362762978515,6.075,-0.4398269706976735,-0.48797283834477206,2,5,8,0.025,0.05,0,0.108,0.1,0.1,0.1,Julia,0.01397395133972168
1,60,12,JuliaLRT,0.0,0.0,0.03863084216808465,0.997,0.0,0.0,2,5,8,0.025,0.05,0,0.108,0.1,0.1,0.1,Julia,0.01397395133972168
1,60,14,NelderMead_nAGQ0,2749.208622794951,0.002327013988770261,0.45763118713988066,8.00562596321106,-0.37006734229044935,-0.08747640672124887,2,5,8,0.025,0.05,0,0.108,0.1,0.1,0.1,R,0.017947912216186523
1,60,14,NelderMead_nAGQ1,2749.1895478230936,0.0026011829757690594,0.6285613015702988,25.369167804718018,-0.37570009409858457,-0.08762543556225257,2,5,8,0.025,0.05,0,0.108,0.1,0.1,0.1,R,0.017947912216186523
1,60,14,Bobyqa_nAGQ0,2749.208622794951,0.002327013988770261,0.45763118713988066,7.938775062561035,-0.37006734229044935,-0.08747640672124887,2,5,8,0.025,0.05,0,0.108,0.1,0.1,0.1,R,0.017947912216186523
1,60,14,Bobyqa_nAGQ1,2749.189538299757,0.002600152515456833,0.6282076605417077,15.252274990081787,-0.37576457975124067,-0.08771480710674504,2,5,8,0.025,0.05,0,0.108,0.1,0.1,0.1,R,0.017947912216186523
1,60,14,nloptwrap_nAGQ0,2749.2087558461503,0.0023272265773643082,0.4605413100984334,1.6436259746551514,-0.369958183989168,-0.08691491954450428,2,5,8,0.025,0.05,0,0.108,0.1,0.1,0.1,R,0.017947912216186523
1,60,14,nloptwrap_nAGQ1,2749.19026838932,0.0026138616041583252,0.6363400725956398,4.560804843902588,-0.37485233505818816,-0.08565337669395698,2,5,8,0.025,0.05,0,0.108,0.1,0.1,0.1,R,0.017947912216186523
1,60,14,R: LRT,0.0,0.0,1.834097146987915,1.834097146987915,0.0,0.0,2,5,8,0.025,0.05,0,0.108,0.1,0.1,0.1,R,0.017947912216186523
1,60,14,JuliaAIC_NeldMeader_AGP0,2749.20558892917,0.0023271621491208817,0.45745216889034157,32.586,-0.3700730402905057,-0.08751990175413155,2,5,8,0.025,0.05,0,0.108,0.1,0.1,0.1,Julia,0.017947912216186523
1,60,14,JuliaAIC_bobyqa_AGP0,2749.205595295851,0.002325118835293613,0.4567416283192584,2.302,-0.3758271642914177,-0.0877131040757048,2,5,8,0.025,0.05,0,0.108,0.1,0.1,0.1,Julia,0.017947912216186523
1,60,14,JuliaAIC_NeldMeader_AGP1,2749.1894613875875,0.002020455301573028,0.45690507471626784,105.119,-0.3693946687214176,-0.06387487973480915,2,5,8,0.025,0.05,0,0.108,0.1,0.1,0.1,Julia,0.017947912216186523
1,60,14,JuliaAIC_bobyqa_AGP1,2751.156518406741,0.00032669767743145336,0.5880979108946363,5.854,-0.3701033594268352,-0.08765995125607078,2,5,8,0.025,0.05,0,0.108,0.1,0.1,0.1,Julia,0.017947912216186523
1,60,14,JuliaLRT,0.0,0.0,0.6320189455245048,1.449,0.0,0.0,2,5,8,0.025,0.05,0,0.108,0.1,0.1,0.1,Julia,0.017947912216186523
1,60,16,NelderMead_nAGQ0,3081.8820985461907,0.0008555985489373797,0.35851469211753206,22.97651505470276,-0.34138224088507396,0.11704723744354757,2,5,8,0.025,0.05,0,0.108,0.1,0.1,0.1,R,0.01899886131286621
1,60,16,NelderMead_nAGQ1,3081.8750055720425,0.0009265359119603998,0.4821212140109728,41.460201025009155,-0.34391841131277767,0.11928083688477928,2,5,8,0.025,0.05,0,0.108,0.1,0.1,0.1,R,0.01899886131286621
1,60,16,Bobyqa_nAGQ0,3081.8820985461907,0.0008555985489373797,0.35851469211753206,22.972575902938843,-0.34138224088507396,0.11704723744354757,2,5,8,0.025,0.05,0,0.108,0.1,0.1,0.1,R,0.01899886131286621
1,60,16,Bobyqa_nAGQ1,3081.875000781461,0.0009273951687673792,0.48188518189820917,36.23315191268921,-0.34391677881849764,0.11934503470105544,2,5,8,0.025,0.05,0,0.108,0.1,0.1,0.1,R,0.01899886131286621
1,60,16,nloptwrap_nAGQ0,3082.0852422563466,0.0006350690351537269,0.3290441421653366,1.882964849472046,-0.3416743049558309,0.12434196351938355,2,5,8,0.025,0.05,0,0.108,0.1,0.1,0.1,R,0.01899886131286621
1,60,16,nloptwrap_nAGQ1,3082.082365956579,0.0007548510312891898,0.46082117167840037,4.761270046234131,-0.3416743049558309,0.12434196351938354,2,5,8,0.025,0.05,0,0.108,0.1,0.1,0.1,R,0.01899886131286621
1,60,16,R: LRT,0.0,0.0,3.932451009750366,3.932451009750366,0.0,0.0,2,5,8,0.025,0.05,0,0.108,0.1,0.1,0.1,R,0.01899886131286621
1,60,16,JuliaAIC_NeldMeader_AGP0,3081.879226347061,0.0008559578900540427,0.3586266459615325,49.182,-0.3413832908675485,0.11703981835218738,2,5,8,0.025,0.05,0,0.108,0.1,0.1,0.1,Julia,0.01899886131286621
1,60,16,JuliaAIC_bobyqa_AGP0,3081.879282407195,0.000858548383416089,0.3574687718673868,3.478,-0.3439140018368698,0.11939348992062188,2,5,8,0.025,0.05,0,0.108,0.1,0.1,0.1,Julia,0.01899886131286621
1,60,16,JuliaAIC_NeldMeader_AGP1,3081.874986221182,0.0007874093442839424,0.3492554730442777,82.087,-0.34458423471853444,0.12441815143027582,2,5,8,0.025,0.05,0,0.108,0.1,0.1,0.1,Julia,0.01899886131286621
1,60,16,JuliaAIC_bobyqa_AGP1,3082.0733729389626,0.0005713159184664159,0.3289738879198065,14.27,-0.34134368446807895,0.11732262412650322,2,5,8,0.025,0.05,0,0.108,0.1,0.1,0.1,Julia,0.01899886131286621
1,60,16,JuliaLRT,0.0,0.0,0.38605944373104395,1.354,0.0,0.0,2,5,8,0.025,0.05,0,0.108,0.1,0.1,0.1,Julia,0.01899886131286621
1,60,18,NelderMead_nAGQ0,3560.2868520360053,0.0005935632485300815,0.5938517304597279,12.226310014724731,-0.3009129832488366,0.058162190736877076,2,5,8,0.025,0.05,0,0.108,0.1,0.1,0.1,R,0.018918991088867188
1,60,18,NelderMead_nAGQ1,3560.281919419517,0.0005771994956196264,0.7111002311730021,30.615329027175903,-0.30290835189545395,0.05857803231908486,2,5,8,0.025,0.05,0,0.108,0.1,0.1,0.1,R,0.018918991088867188
1,60,18,Bobyqa_nAGQ0,3560.2868520360053,0.0005935632485300815,0.5938517304597279,12.29013705253601,-0.3009129832488366,0.058162190736877076,2,5,8,0.025,0.05,0,0.108,0.1,0.1,0.1,R,0.018918991088867188
1,60,18,Bobyqa_nAGQ1,3560.281919396599,0.0005698021616498937,0.7093073088184156,20.156105995178223,-0.30290902191839464,0.058582127115908385,2,5,8,0.025,0.05,0,0.108,0.1,0.1,0.1,R,0.018918991088867188
1,60,18,nloptwrap_nAGQ0,3560.2503450970908,0.000834765275862985,0.5869113205777106,2.862344980239868,-0.3006593586365634,0.0592534321740938,2,5,8,0.025,0.05,0,0.108,0.1,0.1,0.1,R,0.018918991088867188
1,60,18,nloptwrap_nAGQ1,3560.246213223448,0.0008756640012159086,0.7061366285446208,6.281203985214233,-0.3006593586365634,0.0592534321740938,2,5,8,0.025,0.05,0,0.108,0.1,0.1,0.1,R,0.018918991088867188
1,60,18,R: LRT,0.0,0.0,4.048177003860474,4.048177003860474,0.0,0.0,2,5,8,0.025,0.05,0,0.108,0.1,0.1,0.1,R,0.018918991088867188
1,60,18,JuliaAIC_NeldMeader_AGP0,3560.2460644665034,0.0008324543729511649,0.5878202844899226,34.549,-0.30067006667838225,0.05911967016854928,2,5,8,0.025,0.05,0,0.108,0.1,0.1,0.1,Julia,0.018918991088867188
1,60,18,JuliaAIC_bobyqa_AGP0,3560.283376503243,0.0005973536804412925,0.5938634565158983,1.47,-0.3027035866777022,0.05958466325553824,2,5,8,0.025,0.05,0,0.108,0.1,0.1,0.1,Julia,0.018918991088867188
1,60,18,JuliaAIC_NeldMeader_AGP1,3560.2442214982852,0.000767312833494906,0.584953520343405,73.706,-0.3026672837755791,0.05981042118641296,2,5,8,0.025,0.05,0,0.108,0.1,0.1,0.1,Julia,0.018918991088867188
1,60,18,JuliaAIC_bobyqa_AGP1,3560.244254961334,0.000767853787939926,0.5835332268947964,9.826,-0.30091018311403384,0.0581707714756181,2,5,8,0.025,0.05,0,0.108,0.1,0.1,0.1,Julia,0.018918991088867188
1,60,18,JuliaLRT,0.0,0.0,0.7463607311139762,5.604,0.0,0.0,2,5,8,0.025,0.05,0,0.108,0.1,0.1,0.1,Julia,0.018918991088867188
1,60,20,NelderMead_nAGQ0,3864.4102267593075,0.0003919458089976863,0.5821276399423385,12.548870086669922,-0.3943014991252052,0.053362569497369006,2,5,8,0.025,0.05,0,0.108,0.1,0.1,0.1,R,0.02291584014892578
1,60,20,NelderMead_nAGQ1,3864.3968025004237,0.0003096150504939636,0.7076365686950388,44.0567147731781,-0.40326230070753305,0.0545834944116312,2,5,8,0.025,0.05,0,0.108,0.1,0.1,0.1,R,0.02291584014892578
1,60,20,Bobyqa_nAGQ0,3864.4102267593075,0.0003919458089976863,0.5821276399423385,12.613067865371704,-0.3943014991252052,0.053362569497369006,2,5,8,0.025,0.05,0,0.108,0.1,0.1,0.1,R,0.02291584014892578
1,60,20,Bobyqa_nAGQ1,3864.3965473016992,0.00030358480538121053,0.709228353081349,22.572278022766113,-0.4036834581440032,0.05427041130038828,2,5,8,0.025,0.05,0,0.108,0.1,0.1,0.1,R,0.02291584014892578
1,60,20,nloptwrap_nAGQ0,3865.774565485878,1.9896678478613133e-5,0.6386856229016479,5.0106542110443115,-0.39388597038471557,0.04547034701645269,2,5,8,0.025,0.05,0,0.108,0.1,0.1,0.1,R,0.02291584014892578
1,60,20,nloptwrap_nAGQ1,3865.7553342843707,1.4919337337693567e-5,0.7532798419157456,9.818295955657959,-0.4029276408874905,0.045740834186824564,2,5,8,0.025,0.05,0,0.108,0.1,0.1,0.1,R,0.02291584014892578
1,60,20,R: LRT,0.0,0.0,4.662516832351685,4.662516832351685,0.0,0.0,2,5,8,0.025,0.05,0,0.108,0.1,0.1,0.1,R,0.02291584014892578
1,60,20,JuliaAIC_NeldMeader_AGP0,3864.4065983876862,0.00039201500909335195,0.582504517027203,111.148,-0.39430026050134365,0.05331382075056296,2,5,8,0.025,0.05,0,0.108,0.1,0.1,0.1,Julia,0.02291584014892578
1,60,20,JuliaAIC_bobyqa_AGP0,3864.4065986436935,0.0003921318264009996,0.582498698065329,4.913,-0.4037093518087197,0.054301748327930444,2,5,8,0.025,0.05,0,0.108,0.1,0.1,0.1,Julia,0.02291584014892578
1,60,20,JuliaAIC_NeldMeader_AGP1,3864.396525313949,0.0002792393862127928,0.5756404339186554,153.466,-0.4031739439778284,0.045627205218404916,2,5,8,0.025,0.05,0,0.108,0.1,0.1,0.1,Julia,0.02291584014892578
1,60,20,JuliaAIC_bobyqa_AGP1,3865.754659613332,1.260937144253293e-5,0.637689187420571,16.871,-0.3943007782979286,0.053314738726710116,2,5,8,0.025,0.05,0,0.108,0.1,0.1,0.1,Julia,0.02291584014892578
1,60,20,JuliaLRT,0.0,0.0,0.7132477611717175,3.771,0.0,0.0,2,5,8,0.025,0.05,0,0.108,0.1,0.1,0.1,Julia,0.02291584014892578
