nIteration,n,reps,DurationGLMM_bobyqa_AGP0,AIC_bobyqa_AGP0,Pvalues_bobyqa_AGP0_Accuracy,Pvalues_bobyqa_AGP0_Precision,ConditionsOfInterest,StandardValue1,StandardValue2,PSE_Difference,JND_Difference,Multiplicator_PSE_Standard,Multiplicator_SD_Standard,SD_ResponseFunction,Mean_Variability_Between,SD_Variability_Between
1,10,30,25502,4278.389161,1.38E-11,0.001333125,2,5,8,0.1,0.2,0,0.108,0.1,0.1,0.1
2,10,30,3212,4065.055392,5.17E-11,0.000400056,2,5,8,0.1,0.2,0,0.108,0.1,0.1,0.1
3,10,30,1805,4209.723324,1.02E-11,5.97E-05,2,5,8,0.1,0.2,0,0.108,0.1,0.1,0.1
4,10,30,3277,4023.796671,1.04E-17,1.48E-13,2,5,8,0.1,0.2,0,0.108,0.1,0.1,0.1
5,10,30,3773,4196.878596,5.27E-13,0.000751276,2,5,8,0.1,0.2,0,0.108,0.1,0.1,0.1
6,10,30,2844,4169.58749,1.15E-16,1.62E-10,2,5,8,0.1,0.2,0,0.108,0.1,0.1,0.1
7,10,30,8882,4115.239089,2.73E-10,0.291650848,2,5,8,0.1,0.2,0,0.108,0.1,0.1,0.1
8,10,30,4052,3857.557131,1.45E-12,8.99E-07,2,5,8,0.1,0.2,0,0.108,0.1,0.1,0.1
9,10,30,4247,4002.919878,5.66E-16,1.30E-06,2,5,8,0.1,0.2,0,0.108,0.1,0.1,0.1
10,10,30,1769,4030.898351,4.96E-15,1.69E-10,2,5,8,0.1,0.2,0,0.108,0.1,0.1,0.1
11,10,30,2921,4201.755825,5.46E-10,0.002317348,2,5,8,0.1,0.2,0,0.108,0.1,0.1,0.1
12,10,30,3095,4074.484393,3.72E-09,0.001213377,2,5,8,0.1,0.2,0,0.108,0.1,0.1,0.1
13,10,30,2277,4276.226598,3.44E-14,0.001129289,2,5,8,0.1,0.2,0,0.108,0.1,0.1,0.1
14,10,30,2644,4225.639566,2.78E-11,5.41E-07,2,5,8,0.1,0.2,0,0.108,0.1,0.1,0.1
15,10,30,3865,4006.416647,7.38E-12,4.93E-08,2,5,8,0.1,0.2,0,0.108,0.1,0.1,0.1
16,10,30,3486,4213.890704,2.00E-12,0.014601937,2,5,8,0.1,0.2,0,0.108,0.1,0.1,0.1
17,10,30,1781,3882.091804,2.07E-14,7.09E-10,2,5,8,0.1,0.2,0,0.108,0.1,0.1,0.1
18,10,30,2485,4091.885178,2.75E-15,0.004905155,2,5,8,0.1,0.2,0,0.108,0.1,0.1,0.1
19,10,30,2311,4054.701945,1.73E-13,8.04E-10,2,5,8,0.1,0.2,0,0.108,0.1,0.1,0.1
20,10,30,3187,4162.696721,1.60E-11,6.51E-06,2,5,8,0.1,0.2,0,0.108,0.1,0.1,0.1
21,10,30,4598,4136.795735,1.34E-12,1.03E-07,2,5,8,0.1,0.2,0,0.108,0.1,0.1,0.1
22,10,30,2433,4244.314994,1.02E-09,3.47E-09,2,5,8,0.1,0.2,0,0.108,0.1,0.1,0.1
23,10,30,5793,4328.691776,3.41E-13,3.24E-07,2,5,8,0.1,0.2,0,0.108,0.1,0.1,0.1
24,10,30,3214,4118.205807,4.43E-15,0.000261453,2,5,8,0.1,0.2,0,0.108,0.1,0.1,0.1
25,10,30,2892,4070.287162,7.74E-15,8.76E-08,2,5,8,0.1,0.2,0,0.108,0.1,0.1,0.1
1,12,30,2021,4053.005674,9.73E-13,0.000442875,2,5,8,0.1,0.2,0,0.108,0.1,0.1,0.1
2,12,30,2728,4105.299157,1.83E-19,1.40E-10,2,5,8,0.1,0.2,0,0.108,0.1,0.1,0.1
3,12,30,5429,4205.621412,2.65E-12,0.030005697,2,5,8,0.1,0.2,0,0.108,0.1,0.1,0.1
4,12,30,2877,4044.824219,3.07E-15,0.000163559,2,5,8,0.1,0.2,0,0.108,0.1,0.1,0.1
5,12,30,4323,4004.284447,7.22E-13,0.000276311,2,5,8,0.1,0.2,0,0.108,0.1,0.1,0.1
6,12,30,1871,4055.387253,6.00E-13,1.85E-06,2,5,8,0.1,0.2,0,0.108,0.1,0.1,0.1
7,12,30,3995,4333.43265,1.44E-12,0.004277947,2,5,8,0.1,0.2,0,0.108,0.1,0.1,0.1
8,12,30,4650,4104.29205,2.52E-11,3.73E-07,2,5,8,0.1,0.2,0,0.108,0.1,0.1,0.1
9,12,30,2484,4196.266873,2.75E-11,1.46E-06,2,5,8,0.1,0.2,0,0.108,0.1,0.1,0.1
10,12,30,3148,4174.098278,3.08E-12,2.26E-05,2,5,8,0.1,0.2,0,0.108,0.1,0.1,0.1
11,12,30,5072,4090.461206,1.83E-13,2.33E-08,2,5,8,0.1,0.2,0,0.108,0.1,0.1,0.1
12,12,30,3036,4073.857277,4.30E-10,1.16E-09,2,5,8,0.1,0.2,0,0.108,0.1,0.1,0.1
13,12,30,6190,4141.680779,1.18E-11,3.64E-08,2,5,8,0.1,0.2,0,0.108,0.1,0.1,0.1
14,12,30,2583,3948.822266,1.84E-13,1.93E-07,2,5,8,0.1,0.2,0,0.108,0.1,0.1,0.1
15,12,30,1447,4173.88462,2.76E-12,6.32E-07,2,5,8,0.1,0.2,0,0.108,0.1,0.1,0.1
16,12,30,1857,4157.374696,1.23E-12,2.28E-05,2,5,8,0.1,0.2,0,0.108,0.1,0.1,0.1
17,12,30,2645,3997.631706,1.64E-13,0.000576934,2,5,8,0.1,0.2,0,0.108,0.1,0.1,0.1
18,12,30,6532,3886.5357,7.65E-14,5.16E-10,2,5,8,0.1,0.2,0,0.108,0.1,0.1,0.1
19,12,30,3920,4144.092166,6.06E-10,4.82E-07,2,5,8,0.1,0.2,0,0.108,0.1,0.1,0.1
20,12,30,4154,4040.158481,1.66E-12,8.67E-17,2,5,8,0.1,0.2,0,0.108,0.1,0.1,0.1
21,12,30,1493,4287.027069,9.10E-08,0.054731077,2,5,8,0.1,0.2,0,0.108,0.1,0.1,0.1
22,12,30,4239,3930.052207,2.34E-12,3.09E-08,2,5,8,0.1,0.2,0,0.108,0.1,0.1,0.1
23,12,30,3290,3925.066225,5.43E-10,0.235809031,2,5,8,0.1,0.2,0,0.108,0.1,0.1,0.1
24,12,30,4204,4062.398297,1.01E-12,0.000603414,2,5,8,0.1,0.2,0,0.108,0.1,0.1,0.1
25,12,30,1884,4049.415578,8.44E-12,0.002284546,2,5,8,0.1,0.2,0,0.108,0.1,0.1,0.1
1,14,30,3819,4136.117198,1.94E-11,0.004662858,2,5,8,0.1,0.2,0,0.108,0.1,0.1,0.1
2,14,30,3468,4166.643555,1.74E-14,2.88E-09,2,5,8,0.1,0.2,0,0.108,0.1,0.1,0.1
3,14,30,2785,4069.23378,2.59E-14,1.78E-19,2,5,8,0.1,0.2,0,0.108,0.1,0.1,0.1
4,14,30,2964,4124.116445,2.46E-11,5.13E-07,2,5,8,0.1,0.2,0,0.108,0.1,0.1,0.1
5,14,30,2808,4123.487978,2.84E-10,0.029581056,2,5,8,0.1,0.2,0,0.108,0.1,0.1,0.1
6,14,30,2837,4150.189223,6.23E-12,1.02E-06,2,5,8,0.1,0.2,0,0.108,0.1,0.1,0.1
7,14,30,2019,4081.635293,9.14E-13,2.55E-07,2,5,8,0.1,0.2,0,0.108,0.1,0.1,0.1
8,14,30,2704,4145.309475,1.17E-13,2.37E-15,2,5,8,0.1,0.2,0,0.108,0.1,0.1,0.1
9,14,30,4216,4257.773337,3.47E-12,1.70E-06,2,5,8,0.1,0.2,0,0.108,0.1,0.1,0.1
10,14,30,4129,4096.887507,1.69E-13,5.11E-10,2,5,8,0.1,0.2,0,0.108,0.1,0.1,0.1
11,14,30,4229,4027.32457,4.57E-11,3.66E-05,2,5,8,0.1,0.2,0,0.108,0.1,0.1,0.1
12,14,30,3708,4191.126487,4.78E-21,2.48E-14,2,5,8,0.1,0.2,0,0.108,0.1,0.1,0.1
13,14,30,2792,4185.262329,3.58E-14,3.31E-05,2,5,8,0.1,0.2,0,0.108,0.1,0.1,0.1
14,14,30,6786,4126.197226,2.51E-15,6.76E-09,2,5,8,0.1,0.2,0,0.108,0.1,0.1,0.1
15,14,30,2654,4350.025515,1.09E-12,1.75E-06,2,5,8,0.1,0.2,0,0.108,0.1,0.1,0.1
16,14,30,3615,4043.700746,1.43E-13,4.28E-13,2,5,8,0.1,0.2,0,0.108,0.1,0.1,0.1
17,14,30,4016,4126.654759,3.37E-11,0.011989799,2,5,8,0.1,0.2,0,0.108,0.1,0.1,0.1
18,14,30,5787,4208.009794,4.02E-12,4.29E-08,2,5,8,0.1,0.2,0,0.108,0.1,0.1,0.1
19,14,30,2231,4118.053729,1.00E-12,5.63E-05,2,5,8,0.1,0.2,0,0.108,0.1,0.1,0.1
20,14,30,6378,4165.371582,4.65E-14,2.45E-06,2,5,8,0.1,0.2,0,0.108,0.1,0.1,0.1
21,14,30,3593,3983.142016,1.79E-12,9.31E-14,2,5,8,0.1,0.2,0,0.108,0.1,0.1,0.1
22,14,30,2010,4034.836134,1.66E-10,0.000492731,2,5,8,0.1,0.2,0,0.108,0.1,0.1,0.1
23,14,30,2381,4033.336338,6.68E-12,0.001347979,2,5,8,0.1,0.2,0,0.108,0.1,0.1,0.1
24,14,30,3687,4146.642407,2.33E-13,5.08E-09,2,5,8,0.1,0.2,0,0.108,0.1,0.1,0.1
25,14,30,4979,4022.377228,6.34E-09,0.000335881,2,5,8,0.1,0.2,0,0.108,0.1,0.1,0.1
1,16,30,3232,3942.765449,6.40E-12,6.56E-05,2,5,8,0.1,0.2,0,0.108,0.1,0.1,0.1
2,16,30,2686,4145.455822,1.07E-12,2.25E-07,2,5,8,0.1,0.2,0,0.108,0.1,0.1,0.1
3,16,30,4385,4122.724051,1.18E-11,3.39E-09,2,5,8,0.1,0.2,0,0.108,0.1,0.1,0.1
4,16,30,3421,4171.906959,1.86E-12,4.91E-05,2,5,8,0.1,0.2,0,0.108,0.1,0.1,0.1
5,16,30,2914,4137.506477,2.12E-12,1.96E-07,2,5,8,0.1,0.2,0,0.108,0.1,0.1,0.1
6,16,30,2326,4303.163163,1.57E-15,4.72E-05,2,5,8,0.1,0.2,0,0.108,0.1,0.1,0.1
7,16,30,3698,4057.090987,1.56E-10,7.78E-12,2,5,8,0.1,0.2,0,0.108,0.1,0.1,0.1
8,16,30,2481,3837.911108,2.69E-12,0.005669204,2,5,8,0.1,0.2,0,0.108,0.1,0.1,0.1
9,16,30,2555,4319.966431,4.28E-09,7.55E-07,2,5,8,0.1,0.2,0,0.108,0.1,0.1,0.1
10,16,30,2158,4164.619439,1.40E-09,0.000907439,2,5,8,0.1,0.2,0,0.108,0.1,0.1,0.1
11,16,30,4918,4220.178987,4.58E-09,0.000127405,2,5,8,0.1,0.2,0,0.108,0.1,0.1,0.1
12,16,30,2310,4245.469672,7.40E-12,9.83E-06,2,5,8,0.1,0.2,0,0.108,0.1,0.1,0.1
13,16,30,2420,4175.108087,1.05E-15,0.002719266,2,5,8,0.1,0.2,0,0.108,0.1,0.1,0.1
14,16,30,4072,4288.704596,1.18E-11,1.60E-07,2,5,8,0.1,0.2,0,0.108,0.1,0.1,0.1
15,16,30,2883,4033.383962,1.19E-13,2.51E-07,2,5,8,0.1,0.2,0,0.108,0.1,0.1,0.1
16,16,30,3832,4164.870659,8.51E-08,0.130948709,2,5,8,0.1,0.2,0,0.108,0.1,0.1,0.1
17,16,30,3720,4104.993185,3.10E-15,0.000772864,2,5,8,0.1,0.2,0,0.108,0.1,0.1,0.1
18,16,30,2925,4085.976534,4.33E-15,6.47E-08,2,5,8,0.1,0.2,0,0.108,0.1,0.1,0.1
19,16,30,3058,4093.07128,2.92E-12,1.19E-06,2,5,8,0.1,0.2,0,0.108,0.1,0.1,0.1
20,16,30,3862,4080.342955,3.02E-13,0.011560878,2,5,8,0.1,0.2,0,0.108,0.1,0.1,0.1
21,16,30,2478,4012.020538,7.71E-14,6.75E-09,2,5,8,0.1,0.2,0,0.108,0.1,0.1,0.1
22,16,30,2407,4188.172636,1.87E-11,9.30E-09,2,5,8,0.1,0.2,0,0.108,0.1,0.1,0.1
23,16,30,2206,3943.331435,1.05E-17,2.56E-09,2,5,8,0.1,0.2,0,0.108,0.1,0.1,0.1
24,16,30,3670,4081.717109,5.53E-11,2.75E-06,2,5,8,0.1,0.2,0,0.108,0.1,0.1,0.1
25,16,30,1952,4066.57752,4.00E-11,1.63E-09,2,5,8,0.1,0.2,0,0.108,0.1,0.1,0.1
1,18,30,3657,4201.613432,4.85E-10,0.001471987,2,5,8,0.1,0.2,0,0.108,0.1,0.1,0.1
2,18,30,2465,4111.172663,4.83E-15,2.72E-10,2,5,8,0.1,0.2,0,0.108,0.1,0.1,0.1
3,18,30,6097,4079.585926,7.46E-08,0.286044162,2,5,8,0.1,0.2,0,0.108,0.1,0.1,0.1
4,18,30,3650,4204.195688,4.93E-12,7.60E-06,2,5,8,0.1,0.2,0,0.108,0.1,0.1,0.1
5,18,30,6261,3995.955211,1.59E-12,1.85E-05,2,5,8,0.1,0.2,0,0.108,0.1,0.1,0.1
6,18,30,1786,4050.20321,2.40E-14,7.96E-07,2,5,8,0.1,0.2,0,0.108,0.1,0.1,0.1
7,18,30,2690,4001.519723,1.77E-08,0.031629965,2,5,8,0.1,0.2,0,0.108,0.1,0.1,0.1
8,18,30,1958,4199.981158,1.06E-14,0.000142477,2,5,8,0.1,0.2,0,0.108,0.1,0.1,0.1
9,18,30,3328,4048.749176,1.09E-10,9.23E-08,2,5,8,0.1,0.2,0,0.108,0.1,0.1,0.1
10,18,30,2653,4141.169394,1.93E-13,0.001799611,2,5,8,0.1,0.2,0,0.108,0.1,0.1,0.1
11,18,30,3927,4265.32951,1.58E-10,7.76E-05,2,5,8,0.1,0.2,0,0.108,0.1,0.1,0.1
12,18,30,2315,4180.959016,3.30E-12,0.001826486,2,5,8,0.1,0.2,0,0.108,0.1,0.1,0.1
13,18,30,4715,4149.891511,4.00E-15,1.34E-06,2,5,8,0.1,0.2,0,0.108,0.1,0.1,0.1
14,18,30,5607,4203.255857,1.17E-11,1.91E-07,2,5,8,0.1,0.2,0,0.108,0.1,0.1,0.1
15,18,30,6552,4238.826977,2.09E-13,2.94E-08,2,5,8,0.1,0.2,0,0.108,0.1,0.1,0.1
16,18,30,3056,4116.414154,3.72E-15,3.59E-07,2,5,8,0.1,0.2,0,0.108,0.1,0.1,0.1
17,18,30,3540,4166.563215,1.67E-12,2.00E-09,2,5,8,0.1,0.2,0,0.108,0.1,0.1,0.1
18,18,30,3447,4080.075291,5.89E-21,2.35E-10,2,5,8,0.1,0.2,0,0.108,0.1,0.1,0.1
19,18,30,4579,4162.613144,1.07E-09,3.72E-14,2,5,8,0.1,0.2,0,0.108,0.1,0.1,0.1
20,18,30,5448,4134.270638,6.64E-12,8.49E-12,2,5,8,0.1,0.2,0,0.108,0.1,0.1,0.1
21,18,30,3801,4048.739662,1.02E-12,2.37E-08,2,5,8,0.1,0.2,0,0.108,0.1,0.1,0.1
22,18,30,2691,4051.757368,2.33E-13,0.001211901,2,5,8,0.1,0.2,0,0.108,0.1,0.1,0.1
23,18,30,3071,4151.654782,2.91E-13,1.27E-12,2,5,8,0.1,0.2,0,0.108,0.1,0.1,0.1
24,18,30,1991,4253.331413,1.58E-12,9.92E-07,2,5,8,0.1,0.2,0,0.108,0.1,0.1,0.1
25,18,30,2506,4098.738612,8.79E-12,8.81E-05,2,5,8,0.1,0.2,0,0.108,0.1,0.1,0.1
1,20,30,3588,4049.584165,4.38E-12,6.45E-11,2,5,8,0.1,0.2,0,0.108,0.1,0.1,0.1
2,20,30,4741,4084.849873,2.41E-15,1.19E-12,2,5,8,0.1,0.2,0,0.108,0.1,0.1,0.1
3,20,30,3776,4032.378958,3.22E-12,1.20E-05,2,5,8,0.1,0.2,0,0.108,0.1,0.1,0.1
4,20,30,3897,4141.637766,4.07E-14,2.05E-08,2,5,8,0.1,0.2,0,0.108,0.1,0.1,0.1
5,20,30,6193,4048.033444,6.27E-11,6.00E-09,2,5,8,0.1,0.2,0,0.108,0.1,0.1,0.1
6,20,30,3132,4080.669562,8.26E-11,9.63E-12,2,5,8,0.1,0.2,0,0.108,0.1,0.1,0.1
7,20,30,2039,4128.819676,3.26E-10,0.005105138,2,5,8,0.1,0.2,0,0.108,0.1,0.1,0.1
8,20,30,2351,4139.701931,9.44E-11,1.30E-06,2,5,8,0.1,0.2,0,0.108,0.1,0.1,0.1
9,20,30,3580,4108.877884,1.89E-09,0.065051538,2,5,8,0.1,0.2,0,0.108,0.1,0.1,0.1
10,20,30,3547,4088.206505,2.83E-13,3.21E-14,2,5,8,0.1,0.2,0,0.108,0.1,0.1,0.1
11,20,30,3402,4211.645907,1.65E-11,1.65E-07,2,5,8,0.1,0.2,0,0.108,0.1,0.1,0.1
12,20,30,1985,4116.531367,6.07E-11,0.010995863,2,5,8,0.1,0.2,0,0.108,0.1,0.1,0.1
13,20,30,1843,4171.613281,4.33E-13,1.05E-05,2,5,8,0.1,0.2,0,0.108,0.1,0.1,0.1
14,20,30,5140,4165.370022,1.14E-15,5.71E-10,2,5,8,0.1,0.2,0,0.108,0.1,0.1,0.1
15,20,30,2969,3905.588085,1.33E-12,1.43E-10,2,5,8,0.1,0.2,0,0.108,0.1,0.1,0.1
16,20,30,2727,4005.391783,1.24E-12,5.16E-09,2,5,8,0.1,0.2,0,0.108,0.1,0.1,0.1
17,20,30,3756,4123.381185,5.70E-12,6.56E-06,2,5,8,0.1,0.2,0,0.108,0.1,0.1,0.1
18,20,30,3165,4213.439782,4.76E-10,8.78E-06,2,5,8,0.1,0.2,0,0.108,0.1,0.1,0.1
19,20,30,3065,4081.047932,2.59E-12,0.000101135,2,5,8,0.1,0.2,0,0.108,0.1,0.1,0.1
20,20,30,2840,4093.630224,3.82E-16,3.15E-11,2,5,8,0.1,0.2,0,0.108,0.1,0.1,0.1
21,20,30,3388,4058.609941,8.61E-10,0.000794921,2,5,8,0.1,0.2,0,0.108,0.1,0.1,0.1
22,20,30,2979,4169.929491,1.15E-09,2.45E-06,2,5,8,0.1,0.2,0,0.108,0.1,0.1,0.1
23,20,30,6252,4011.92469,2.00E-16,2.33E-11,2,5,8,0.1,0.2,0,0.108,0.1,0.1,0.1
24,20,30,2565,4156.270337,1.57E-12,0.000171454,2,5,8,0.1,0.2,0,0.108,0.1,0.1,0.1
25,20,30,3220,3980.681464,5.55E-14,6.55E-06,2,5,8,0.1,0.2,0,0.108,0.1,0.1,0.1
1,10,40,2802,4189.654252,6.99E-13,6.82E-12,2,5,8,0.1,0.2,0,0.108,0.1,0.1,0.1
2,10,40,3107,4023.688091,5.62E-14,9.95E-09,2,5,8,0.1,0.2,0,0.108,0.1,0.1,0.1
3,10,40,5637,4049.10951,9.01E-13,0.009523225,2,5,8,0.1,0.2,0,0.108,0.1,0.1,0.1
4,10,40,3227,3870.838826,5.16E-17,8.03E-07,2,5,8,0.1,0.2,0,0.108,0.1,0.1,0.1
5,10,40,3513,4127.264436,4.58E-15,7.87E-13,2,5,8,0.1,0.2,0,0.108,0.1,0.1,0.1
6,10,40,2107,4101.637034,4.76E-10,0.00013512,2,5,8,0.1,0.2,0,0.108,0.1,0.1,0.1
7,10,40,2974,3849.818088,1.14E-10,1.37E-08,2,5,8,0.1,0.2,0,0.108,0.1,0.1,0.1
8,10,40,4279,4027.451163,2.78E-10,2.78E-08,2,5,8,0.1,0.2,0,0.108,0.1,0.1,0.1
9,10,40,4616,4148.633765,2.11E-13,1.07E-11,2,5,8,0.1,0.2,0,0.108,0.1,0.1,0.1
10,10,40,2705,4112.337516,3.95E-12,7.86E-09,2,5,8,0.1,0.2,0,0.108,0.1,0.1,0.1
11,10,40,2281,4054.042276,4.82E-11,0.000802409,2,5,8,0.1,0.2,0,0.108,0.1,0.1,0.1
12,10,40,2951,4089.620941,1.10E-10,0.002617897,2,5,8,0.1,0.2,0,0.108,0.1,0.1,0.1
13,10,40,1644,4218.529625,8.45E-11,3.34E-07,2,5,8,0.1,0.2,0,0.108,0.1,0.1,0.1
14,10,40,4730,4088.551539,1.24E-10,5.26E-07,2,5,8,0.1,0.2,0,0.108,0.1,0.1,0.1
15,10,40,3480,4024.370821,1.32E-11,3.05E-06,2,5,8,0.1,0.2,0,0.108,0.1,0.1,0.1
16,10,40,2539,4097.184968,1.43E-09,0.000163052,2,5,8,0.1,0.2,0,0.108,0.1,0.1,0.1
17,10,40,5273,4064.115891,2.98E-14,1.51E-07,2,5,8,0.1,0.2,0,0.108,0.1,0.1,0.1
18,10,40,3063,4070.682816,1.67E-13,1.63E-07,2,5,8,0.1,0.2,0,0.108,0.1,0.1,0.1
19,10,40,4220,4218.482019,2.39E-09,1.22E-05,2,5,8,0.1,0.2,0,0.108,0.1,0.1,0.1
20,10,40,3812,4039.016084,1.31E-09,0.103748136,2,5,8,0.1,0.2,0,0.108,0.1,0.1,0.1
21,10,40,4271,4082.68926,1.35E-10,3.20E-06,2,5,8,0.1,0.2,0,0.108,0.1,0.1,0.1
22,10,40,2299,4113.633137,5.98E-14,4.02E-11,2,5,8,0.1,0.2,0,0.108,0.1,0.1,0.1
23,10,40,2425,4226.848949,5.44E-12,0.180021191,2,5,8,0.1,0.2,0,0.108,0.1,0.1,0.1
24,10,40,6770,4077.687276,8.15E-10,0.005288728,2,5,8,0.1,0.2,0,0.108,0.1,0.1,0.1
25,10,40,2822,4019.822147,1.69E-10,1.96E-07,2,5,8,0.1,0.2,0,0.108,0.1,0.1,0.1
1,12,40,1952,4147.193864,9.45E-11,0.000746172,2,5,8,0.1,0.2,0,0.108,0.1,0.1,0.1
2,12,40,2109,4123.575701,8.92E-12,0.650602023,2,5,8,0.1,0.2,0,0.108,0.1,0.1,0.1
3,12,40,3422,4060.868293,3.99E-12,4.33E-06,2,5,8,0.1,0.2,0,0.108,0.1,0.1,0.1
4,12,40,2297,4146.994979,7.59E-09,0.001619204,2,5,8,0.1,0.2,0,0.108,0.1,0.1,0.1
5,12,40,2936,4162.819307,3.58E-13,2.21E-12,2,5,8,0.1,0.2,0,0.108,0.1,0.1,0.1
6,12,40,2462,4096.165519,3.57E-17,5.55E-05,2,5,8,0.1,0.2,0,0.108,0.1,0.1,0.1
7,12,40,3129,4182.394081,8.63E-12,4.89E-05,2,5,8,0.1,0.2,0,0.108,0.1,0.1,0.1
8,12,40,4857,4088.925797,1.60E-09,1.21E-05,2,5,8,0.1,0.2,0,0.108,0.1,0.1,0.1
9,12,40,1745,3940.761839,2.00E-12,0.000135117,2,5,8,0.1,0.2,0,0.108,0.1,0.1,0.1
10,12,40,2909,4079.852123,1.36E-12,8.01E-09,2,5,8,0.1,0.2,0,0.108,0.1,0.1,0.1
11,12,40,5150,4073.767192,5.80E-11,1.71E-08,2,5,8,0.1,0.2,0,0.108,0.1,0.1,0.1
12,12,40,4739,4144.803555,9.33E-10,3.37E-11,2,5,8,0.1,0.2,0,0.108,0.1,0.1,0.1
13,12,40,2378,4057.46408,1.96E-11,0.000788604,2,5,8,0.1,0.2,0,0.108,0.1,0.1,0.1
14,12,40,6107,4144.453485,3.34E-14,1.53E-05,2,5,8,0.1,0.2,0,0.108,0.1,0.1,0.1
15,12,40,3237,4011.575112,9.65E-13,1.01E-06,2,5,8,0.1,0.2,0,0.108,0.1,0.1,0.1
16,12,40,2957,4052.061528,5.38E-12,5.94E-06,2,5,8,0.1,0.2,0,0.108,0.1,0.1,0.1
17,12,40,2946,4175.717488,2.19E-10,0.000116125,2,5,8,0.1,0.2,0,0.108,0.1,0.1,0.1
18,12,40,3209,4093.734016,6.20E-10,8.60E-06,2,5,8,0.1,0.2,0,0.108,0.1,0.1,0.1
19,12,40,3686,4038.343845,1.50E-10,5.20E-11,2,5,8,0.1,0.2,0,0.108,0.1,0.1,0.1
20,12,40,2239,4018.132959,2.43E-10,1.07E-11,2,5,8,0.1,0.2,0,0.108,0.1,0.1,0.1
21,12,40,5589,4093.578703,2.42E-09,1.66E-05,2,5,8,0.1,0.2,0,0.108,0.1,0.1,0.1
22,12,40,3073,4134.932606,1.10E-11,3.35E-06,2,5,8,0.1,0.2,0,0.108,0.1,0.1,0.1
23,12,40,6193,4091.028228,4.40E-11,2.85E-07,2,5,8,0.1,0.2,0,0.108,0.1,0.1,0.1
24,12,40,2604,4125.707247,8.00E-10,0.000449224,2,5,8,0.1,0.2,0,0.108,0.1,0.1,0.1
25,12,40,3498,4150.193532,4.21E-14,0.00014006,2,5,8,0.1,0.2,0,0.108,0.1,0.1,0.1
1,14,40,3365,4094.135615,2.49E-10,8.63E-08,2,5,8,0.1,0.2,0,0.108,0.1,0.1,0.1
2,14,40,2552,4108.704454,4.61E-11,0.003692302,2,5,8,0.1,0.2,0,0.108,0.1,0.1,0.1
3,14,40,3617,4088.876539,2.28E-14,2.12E-08,2,5,8,0.1,0.2,0,0.108,0.1,0.1,0.1
4,14,40,3125,4188.533166,1.10E-12,3.98E-07,2,5,8,0.1,0.2,0,0.108,0.1,0.1,0.1
5,14,40,2892,4145.142041,1.75E-10,4.73E-07,2,5,8,0.1,0.2,0,0.108,0.1,0.1,0.1
6,14,40,3466,4128.996949,2.72E-11,0.000726752,2,5,8,0.1,0.2,0,0.108,0.1,0.1,0.1
7,14,40,10156,4192.830419,1.45E-10,2.42E-05,2,5,8,0.1,0.2,0,0.108,0.1,0.1,0.1
8,14,40,3143,4151.54197,1.10E-12,0.000642279,2,5,8,0.1,0.2,0,0.108,0.1,0.1,0.1
9,14,40,3968,4248.67047,1.40E-12,0.021343586,2,5,8,0.1,0.2,0,0.108,0.1,0.1,0.1
10,14,40,2558,4169.164338,5.82E-19,3.25E-08,2,5,8,0.1,0.2,0,0.108,0.1,0.1,0.1
11,14,40,3065,4255.596721,1.84E-12,0.000227301,2,5,8,0.1,0.2,0,0.108,0.1,0.1,0.1
12,14,40,2759,4204.245795,2.76E-11,2.92E-06,2,5,8,0.1,0.2,0,0.108,0.1,0.1,0.1
13,14,40,6290,4291.658308,2.86E-10,0.000211111,2,5,8,0.1,0.2,0,0.108,0.1,0.1,0.1
14,14,40,3032,4191.957899,7.84E-12,0.000938191,2,5,8,0.1,0.2,0,0.108,0.1,0.1,0.1
15,14,40,2703,4013.884346,3.88E-15,0.000384242,2,5,8,0.1,0.2,0,0.108,0.1,0.1,0.1
16,14,40,4973,4247.542514,4.52E-16,1.51E-26,2,5,8,0.1,0.2,0,0.108,0.1,0.1,0.1
17,14,40,2260,4272.948808,3.31E-11,9.15E-06,2,5,8,0.1,0.2,0,0.108,0.1,0.1,0.1
18,14,40,1904,4039.169366,9.39E-15,0.001293966,2,5,8,0.1,0.2,0,0.108,0.1,0.1,0.1
19,14,40,3022,4135.604411,2.07E-15,3.15E-08,2,5,8,0.1,0.2,0,0.108,0.1,0.1,0.1
20,14,40,3814,4042.669112,4.21E-12,1.54E-08,2,5,8,0.1,0.2,0,0.108,0.1,0.1,0.1
21,14,40,6810,4157.504255,5.11E-11,2.07E-07,2,5,8,0.1,0.2,0,0.108,0.1,0.1,0.1
22,14,40,4297,4127.355301,4.36E-11,1.90E-09,2,5,8,0.1,0.2,0,0.108,0.1,0.1,0.1
23,14,40,3710,4044.67935,7.02E-09,0.002818508,2,5,8,0.1,0.2,0,0.108,0.1,0.1,0.1
24,14,40,2015,4084.301375,1.24E-11,0.00277895,2,5,8,0.1,0.2,0,0.108,0.1,0.1,0.1
25,14,40,2767,4081.163755,3.68E-13,7.80E-13,2,5,8,0.1,0.2,0,0.108,0.1,0.1,0.1
1,16,40,3670,4044.64385,1.48E-12,0.00039839,2,5,8,0.1,0.2,0,0.108,0.1,0.1,0.1
2,16,40,2006,4053.266135,5.99E-12,0.000142282,2,5,8,0.1,0.2,0,0.108,0.1,0.1,0.1
3,16,40,5034,4144.247358,2.73E-11,9.42E-08,2,5,8,0.1,0.2,0,0.108,0.1,0.1,0.1
4,16,40,3637,4096.285609,2.34E-12,2.54E-05,2,5,8,0.1,0.2,0,0.108,0.1,0.1,0.1
5,16,40,4376,3926.663681,4.23E-13,3.01E-08,2,5,8,0.1,0.2,0,0.108,0.1,0.1,0.1
6,16,40,3100,3944.203696,2.39E-15,4.32E-07,2,5,8,0.1,0.2,0,0.108,0.1,0.1,0.1
7,16,40,2478,3926.260491,1.68E-13,3.37E-12,2,5,8,0.1,0.2,0,0.108,0.1,0.1,0.1
8,16,40,2633,3969.046147,9.57E-13,0.000103399,2,5,8,0.1,0.2,0,0.108,0.1,0.1,0.1
9,16,40,7626,4019.786459,3.16E-09,5.60E-08,2,5,8,0.1,0.2,0,0.108,0.1,0.1,0.1
10,16,40,5016,4160.060169,2.27E-10,2.18E-14,2,5,8,0.1,0.2,0,0.108,0.1,0.1,0.1
11,16,40,2879,4087.647722,1.45E-11,1.85E-05,2,5,8,0.1,0.2,0,0.108,0.1,0.1,0.1
12,16,40,2603,4008.580647,3.13E-12,7.38E-13,2,5,8,0.1,0.2,0,0.108,0.1,0.1,0.1
13,16,40,1987,4089.410818,6.30E-10,3.58E-06,2,5,8,0.1,0.2,0,0.108,0.1,0.1,0.1
14,16,40,3396,3988.736318,5.68E-12,2.74E-08,2,5,8,0.1,0.2,0,0.108,0.1,0.1,0.1
15,16,40,1794,3979.689211,1.74E-16,2.37E-10,2,5,8,0.1,0.2,0,0.108,0.1,0.1,0.1
16,16,40,2440,3996.080738,1.18E-15,3.03E-10,2,5,8,0.1,0.2,0,0.108,0.1,0.1,0.1
17,16,40,2468,4159.994354,6.40E-15,1.38E-06,2,5,8,0.1,0.2,0,0.108,0.1,0.1,0.1
18,16,40,5288,4026.415101,4.03E-18,6.92E-09,2,5,8,0.1,0.2,0,0.108,0.1,0.1,0.1
19,16,40,4804,4038.360177,1.65E-14,8.76E-08,2,5,8,0.1,0.2,0,0.108,0.1,0.1,0.1
20,16,40,2145,4232.78478,1.34E-13,6.18E-12,2,5,8,0.1,0.2,0,0.108,0.1,0.1,0.1
21,16,40,1793,4145.134762,9.10E-13,0.000471189,2,5,8,0.1,0.2,0,0.108,0.1,0.1,0.1
22,16,40,3054,4051.314565,7.99E-17,2.12E-05,2,5,8,0.1,0.2,0,0.108,0.1,0.1,0.1
23,16,40,4115,3995.192771,2.63E-17,1.27E-12,2,5,8,0.1,0.2,0,0.108,0.1,0.1,0.1
24,16,40,2655,4073.427853,3.86E-14,6.55E-10,2,5,8,0.1,0.2,0,0.108,0.1,0.1,0.1
25,16,40,2163,4220.613659,3.89E-13,0.000926645,2,5,8,0.1,0.2,0,0.108,0.1,0.1,0.1
1,18,40,1962,4045.834871,5.42E-14,0.001349839,2,5,8,0.1,0.2,0,0.108,0.1,0.1,0.1
2,18,40,3409,3950.146182,3.48E-14,4.50E-08,2,5,8,0.1,0.2,0,0.108,0.1,0.1,0.1
3,18,40,3984,3994.119832,7.70E-11,6.78E-05,2,5,8,0.1,0.2,0,0.108,0.1,0.1,0.1
4,18,40,6844,4095.757156,6.18E-11,1.65E-05,2,5,8,0.1,0.2,0,0.108,0.1,0.1,0.1
5,18,40,5114,4209.016907,4.67E-12,4.26E-06,2,5,8,0.1,0.2,0,0.108,0.1,0.1,0.1
6,18,40,3448,4014.891872,2.31E-11,0.006961495,2,5,8,0.1,0.2,0,0.108,0.1,0.1,0.1
7,18,40,1969,4250.361169,1.46E-09,1.56E-05,2,5,8,0.1,0.2,0,0.108,0.1,0.1,0.1
8,18,40,5352,4015.623424,1.18E-11,2.79E-06,2,5,8,0.1,0.2,0,0.108,0.1,0.1,0.1
9,18,40,2887,3921.315921,1.06E-14,2.24E-07,2,5,8,0.1,0.2,0,0.108,0.1,0.1,0.1
10,18,40,3882,4035.926839,1.65E-13,1.11E-06,2,5,8,0.1,0.2,0,0.108,0.1,0.1,0.1
11,18,40,4878,4160.658872,4.31E-12,3.97E-09,2,5,8,0.1,0.2,0,0.108,0.1,0.1,0.1
12,18,40,6317,4234.21652,2.36E-14,3.55E-05,2,5,8,0.1,0.2,0,0.108,0.1,0.1,0.1
13,18,40,2040,4093.397691,4.30E-13,1.64E-05,2,5,8,0.1,0.2,0,0.108,0.1,0.1,0.1
14,18,40,1671,4157.363402,7.82E-15,0.000147741,2,5,8,0.1,0.2,0,0.108,0.1,0.1,0.1
15,18,40,2453,4144.318507,3.67E-11,1.13E-08,2,5,8,0.1,0.2,0,0.108,0.1,0.1,0.1
16,18,40,3273,4203.844291,6.04E-13,0.148602432,2,5,8,0.1,0.2,0,0.108,0.1,0.1,0.1
17,18,40,2942,4028.101452,1.32E-12,3.26E-08,2,5,8,0.1,0.2,0,0.108,0.1,0.1,0.1
18,18,40,3337,4206.766751,3.32E-12,0.000101935,2,5,8,0.1,0.2,0,0.108,0.1,0.1,0.1
19,18,40,3632,4104.964581,6.82E-13,0.000671327,2,5,8,0.1,0.2,0,0.108,0.1,0.1,0.1
20,18,40,5568,4121.091592,7.26E-13,1.72E-06,2,5,8,0.1,0.2,0,0.108,0.1,0.1,0.1
21,18,40,4300,4222.050926,1.89E-12,4.90E-08,2,5,8,0.1,0.2,0,0.108,0.1,0.1,0.1
22,18,40,3632,4122.433825,7.64E-13,1.98E-06,2,5,8,0.1,0.2,0,0.108,0.1,0.1,0.1
23,18,40,7391,4163.664085,1.25E-09,0.001396243,2,5,8,0.1,0.2,0,0.108,0.1,0.1,0.1
24,18,40,2665,4142.111926,4.75E-11,4.32E-07,2,5,8,0.1,0.2,0,0.108,0.1,0.1,0.1
25,18,40,2060,4078.674609,5.42E-13,1.05E-08,2,5,8,0.1,0.2,0,0.108,0.1,0.1,0.1
1,20,40,2514,4042.651503,4.42E-11,5.82E-07,2,5,8,0.1,0.2,0,0.108,0.1,0.1,0.1
2,20,40,4583,4194.488854,4.88E-13,0.004252451,2,5,8,0.1,0.2,0,0.108,0.1,0.1,0.1
3,20,40,4227,4192.156449,5.06E-16,3.43E-13,2,5,8,0.1,0.2,0,0.108,0.1,0.1,0.1
4,20,40,3676,4031.801131,2.32E-12,4.38E-07,2,5,8,0.1,0.2,0,0.108,0.1,0.1,0.1
5,20,40,3241,4069.943857,5.35E-15,2.47E-11,2,5,8,0.1,0.2,0,0.108,0.1,0.1,0.1
6,20,40,3208,4122.249276,1.88E-16,1.56E-08,2,5,8,0.1,0.2,0,0.108,0.1,0.1,0.1
7,20,40,2040,3988.683041,6.39E-12,2.95E-06,2,5,8,0.1,0.2,0,0.108,0.1,0.1,0.1
8,20,40,3064,4118.58757,8.21E-12,6.17E-14,2,5,8,0.1,0.2,0,0.108,0.1,0.1,0.1
9,20,40,4807,4197.461415,1.48E-10,0.015962932,2,5,8,0.1,0.2,0,0.108,0.1,0.1,0.1
10,20,40,1952,4121.597632,7.42E-10,0.014557066,2,5,8,0.1,0.2,0,0.108,0.1,0.1,0.1
11,20,40,2598,3997.635485,6.85E-13,0.000524915,2,5,8,0.1,0.2,0,0.108,0.1,0.1,0.1
12,20,40,2774,4072.249952,1.64E-12,2.63E-08,2,5,8,0.1,0.2,0,0.108,0.1,0.1,0.1
13,20,40,3952,4070.836258,1.56E-11,3.08E-10,2,5,8,0.1,0.2,0,0.108,0.1,0.1,0.1
14,20,40,1716,4122.570081,1.59E-11,0.003090714,2,5,8,0.1,0.2,0,0.108,0.1,0.1,0.1
15,20,40,2997,4260.154166,1.14E-13,0.008941954,2,5,8,0.1,0.2,0,0.108,0.1,0.1,0.1
16,20,40,2907,4033.796584,9.90E-12,1.68E-05,2,5,8,0.1,0.2,0,0.108,0.1,0.1,0.1
17,20,40,2322,3910.230795,4.68E-10,0.001236894,2,5,8,0.1,0.2,0,0.108,0.1,0.1,0.1
18,20,40,4776,4056.626756,2.18E-10,3.89E-07,2,5,8,0.1,0.2,0,0.108,0.1,0.1,0.1
19,20,40,2064,4246.493557,3.35E-11,0.007408149,2,5,8,0.1,0.2,0,0.108,0.1,0.1,0.1
20,20,40,2472,4178.888963,1.15E-11,0.000265642,2,5,8,0.1,0.2,0,0.108,0.1,0.1,0.1
21,20,40,2633,4119.968126,1.14E-13,0.004702725,2,5,8,0.1,0.2,0,0.108,0.1,0.1,0.1
22,20,40,2122,4207.148199,1.30E-12,0.025822568,2,5,8,0.1,0.2,0,0.108,0.1,0.1,0.1
23,20,40,2998,4040.818418,1.01E-12,6.01E-05,2,5,8,0.1,0.2,0,0.108,0.1,0.1,0.1
24,20,40,4172,4086.511044,1.13E-12,6.32E-09,2,5,8,0.1,0.2,0,0.108,0.1,0.1,0.1
25,20,40,5363,4122.083926,3.62E-13,0.000675657,2,5,8,0.1,0.2,0,0.108,0.1,0.1,0.1
1,10,50,5107,4015.821185,2.50E-11,6.92E-12,2,5,8,0.1,0.2,0,0.108,0.1,0.1,0.1
2,10,50,5447,4227.390375,1.52E-09,0.00473447,2,5,8,0.1,0.2,0,0.108,0.1,0.1,0.1
3,10,50,3680,4155.130399,1.03E-09,0.000189196,2,5,8,0.1,0.2,0,0.108,0.1,0.1,0.1
4,10,50,2189,4251.828101,4.08E-11,3.68E-07,2,5,8,0.1,0.2,0,0.108,0.1,0.1,0.1
5,10,50,1812,4158.009356,1.68E-11,0.000457084,2,5,8,0.1,0.2,0,0.108,0.1,0.1,0.1
6,10,50,3406,3924.471322,5.94E-15,6.16E-06,2,5,8,0.1,0.2,0,0.108,0.1,0.1,0.1
7,10,50,3130,3977.912614,4.94E-14,7.78E-05,2,5,8,0.1,0.2,0,0.108,0.1,0.1,0.1
8,10,50,2330,4298.761812,1.44E-13,0.000863806,2,5,8,0.1,0.2,0,0.108,0.1,0.1,0.1
9,10,50,3819,4030.292863,1.15E-11,2.77E-05,2,5,8,0.1,0.2,0,0.108,0.1,0.1,0.1
10,10,50,3616,4170.474303,3.82E-14,9.37E-09,2,5,8,0.1,0.2,0,0.108,0.1,0.1,0.1
11,10,50,3837,4158.925522,2.06E-15,2.97E-08,2,5,8,0.1,0.2,0,0.108,0.1,0.1,0.1
12,10,50,2897,3988.950147,3.86E-14,0.001230047,2,5,8,0.1,0.2,0,0.108,0.1,0.1,0.1
13,10,50,4675,3949.364752,3.41E-11,4.39E-05,2,5,8,0.1,0.2,0,0.108,0.1,0.1,0.1
14,10,50,2892,4229.726805,6.95E-10,0.006101797,2,5,8,0.1,0.2,0,0.108,0.1,0.1,0.1
15,10,50,7226,4118.552956,2.70E-10,0.000217247,2,5,8,0.1,0.2,0,0.108,0.1,0.1,0.1
16,10,50,1934,3936.49283,2.77E-13,1.08E-05,2,5,8,0.1,0.2,0,0.108,0.1,0.1,0.1
17,10,50,3652,4293.596886,6.54E-13,0.000366551,2,5,8,0.1,0.2,0,0.108,0.1,0.1,0.1
18,10,50,4711,4125.030089,3.59E-12,6.60E-05,2,5,8,0.1,0.2,0,0.108,0.1,0.1,0.1
19,10,50,5309,4058.630266,9.61E-12,3.06E-06,2,5,8,0.1,0.2,0,0.108,0.1,0.1,0.1
20,10,50,2300,4204.723625,2.81E-11,2.40E-05,2,5,8,0.1,0.2,0,0.108,0.1,0.1,0.1
21,10,50,2883,4040.458345,1.34E-12,0.000188925,2,5,8,0.1,0.2,0,0.108,0.1,0.1,0.1
22,10,50,2161,3996.839404,3.12E-11,0.000259984,2,5,8,0.1,0.2,0,0.108,0.1,0.1,0.1
23,10,50,3484,4136.429376,2.36E-10,8.10E-05,2,5,8,0.1,0.2,0,0.108,0.1,0.1,0.1
24,10,50,3464,4135.12522,7.87E-16,2.41E-05,2,5,8,0.1,0.2,0,0.108,0.1,0.1,0.1
25,10,50,2937,4209.624858,9.53E-14,1.26E-12,2,5,8,0.1,0.2,0,0.108,0.1,0.1,0.1
1,12,50,3127,4197.439446,1.24E-10,0.000108378,2,5,8,0.1,0.2,0,0.108,0.1,0.1,0.1
2,12,50,4213,4096.853376,1.21E-13,6.30E-11,2,5,8,0.1,0.2,0,0.108,0.1,0.1,0.1
3,12,50,2863,4089.510667,5.13E-10,1.16E-06,2,5,8,0.1,0.2,0,0.108,0.1,0.1,0.1
4,12,50,4233,3972.473666,2.93E-10,8.01E-08,2,5,8,0.1,0.2,0,0.108,0.1,0.1,0.1
5,12,50,3215,4208.023704,2.30E-11,5.93E-08,2,5,8,0.1,0.2,0,0.108,0.1,0.1,0.1
6,12,50,3008,3993.639017,2.59E-12,5.77E-08,2,5,8,0.1,0.2,0,0.108,0.1,0.1,0.1
7,12,50,3654,4133.030247,1.27E-11,0.03556555,2,5,8,0.1,0.2,0,0.108,0.1,0.1,0.1
8,12,50,4065,4082.370872,8.39E-15,1.36E-05,2,5,8,0.1,0.2,0,0.108,0.1,0.1,0.1
9,12,50,1760,4134.875972,1.35E-10,0.000191955,2,5,8,0.1,0.2,0,0.108,0.1,0.1,0.1
10,12,50,3753,4040.493288,1.14E-11,2.23E-11,2,5,8,0.1,0.2,0,0.108,0.1,0.1,0.1
11,12,50,7920,3875.401425,2.41E-13,0.000317214,2,5,8,0.1,0.2,0,0.108,0.1,0.1,0.1
12,12,50,2309,4007.884915,3.43E-11,0.002293482,2,5,8,0.1,0.2,0,0.108,0.1,0.1,0.1
13,12,50,2743,4038.431723,2.45E-16,0.000904077,2,5,8,0.1,0.2,0,0.108,0.1,0.1,0.1
14,12,50,1969,4084.805432,1.14E-14,6.16E-08,2,5,8,0.1,0.2,0,0.108,0.1,0.1,0.1
15,12,50,3324,3927.728915,5.28E-10,0.000286727,2,5,8,0.1,0.2,0,0.108,0.1,0.1,0.1
16,12,50,2388,4098.108095,3.31E-16,4.80E-06,2,5,8,0.1,0.2,0,0.108,0.1,0.1,0.1
17,12,50,3029,4036.621332,5.70E-10,0.001039956,2,5,8,0.1,0.2,0,0.108,0.1,0.1,0.1
18,12,50,1726,4086.339853,4.10E-14,7.54E-09,2,5,8,0.1,0.2,0,0.108,0.1,0.1,0.1
19,12,50,3460,3981.875003,6.92E-16,2.02E-05,2,5,8,0.1,0.2,0,0.108,0.1,0.1,0.1
20,12,50,2708,4089.793629,8.98E-12,0.004621806,2,5,8,0.1,0.2,0,0.108,0.1,0.1,0.1
21,12,50,4818,4017.445211,2.25E-12,6.84E-11,2,5,8,0.1,0.2,0,0.108,0.1,0.1,0.1
22,12,50,4601,4086.457922,8.62E-13,0.000280408,2,5,8,0.1,0.2,0,0.108,0.1,0.1,0.1
23,12,50,4832,3947.497094,9.65E-11,0.000100663,2,5,8,0.1,0.2,0,0.108,0.1,0.1,0.1
24,12,50,2226,4096.416841,1.29E-13,2.98E-09,2,5,8,0.1,0.2,0,0.108,0.1,0.1,0.1
25,12,50,2165,4156.281398,1.05E-10,0.000384888,2,5,8,0.1,0.2,0,0.108,0.1,0.1,0.1
1,14,50,3727,4049.171675,1.43E-11,5.91E-10,2,5,8,0.1,0.2,0,0.108,0.1,0.1,0.1
2,14,50,2050,4170.08626,3.91E-12,5.13E-08,2,5,8,0.1,0.2,0,0.108,0.1,0.1,0.1
3,14,50,4319,4154.483382,1.61E-12,1.37E-10,2,5,8,0.1,0.2,0,0.108,0.1,0.1,0.1
4,14,50,2341,4184.810751,4.61E-14,2.30E-05,2,5,8,0.1,0.2,0,0.108,0.1,0.1,0.1
5,14,50,3044,4080.069862,1.36E-13,0.000182486,2,5,8,0.1,0.2,0,0.108,0.1,0.1,0.1
6,14,50,3165,4147.679244,2.54E-12,1.32E-14,2,5,8,0.1,0.2,0,0.108,0.1,0.1,0.1
7,14,50,2679,4029.034352,3.17E-12,1.01E-06,2,5,8,0.1,0.2,0,0.108,0.1,0.1,0.1
8,14,50,4290,4125.020492,2.42E-10,5.23E-09,2,5,8,0.1,0.2,0,0.108,0.1,0.1,0.1
9,14,50,3177,4155.964836,3.84E-10,0.001270693,2,5,8,0.1,0.2,0,0.108,0.1,0.1,0.1
10,14,50,2126,3981.17823,2.97E-11,8.53E-07,2,5,8,0.1,0.2,0,0.108,0.1,0.1,0.1
11,14,50,3601,4220.377586,3.91E-10,1.88E-05,2,5,8,0.1,0.2,0,0.108,0.1,0.1,0.1
12,14,50,2214,4158.051001,4.27E-12,0.000465585,2,5,8,0.1,0.2,0,0.108,0.1,0.1,0.1
13,14,50,2908,4139.957709,4.18E-11,5.63E-06,2,5,8,0.1,0.2,0,0.108,0.1,0.1,0.1
14,14,50,4484,4139.702123,2.71E-12,0.023155747,2,5,8,0.1,0.2,0,0.108,0.1,0.1,0.1
15,14,50,2391,4195.199946,7.05E-12,6.49E-09,2,5,8,0.1,0.2,0,0.108,0.1,0.1,0.1
16,14,50,2736,4152.691572,2.12E-11,0.000428675,2,5,8,0.1,0.2,0,0.108,0.1,0.1,0.1
17,14,50,7126,4115.78231,8.90E-14,5.16E-07,2,5,8,0.1,0.2,0,0.108,0.1,0.1,0.1
18,14,50,2301,4021.321831,2.62E-18,2.00E-08,2,5,8,0.1,0.2,0,0.108,0.1,0.1,0.1
19,14,50,2766,4069.424421,4.06E-12,1.07E-06,2,5,8,0.1,0.2,0,0.108,0.1,0.1,0.1
20,14,50,3246,4153.233285,6.90E-15,0.025717308,2,5,8,0.1,0.2,0,0.108,0.1,0.1,0.1
21,14,50,2649,4034.002155,2.02E-11,1.52E-05,2,5,8,0.1,0.2,0,0.108,0.1,0.1,0.1
22,14,50,2783,4051.973851,4.69E-09,4.63E-05,2,5,8,0.1,0.2,0,0.108,0.1,0.1,0.1
23,14,50,2741,4123.195058,1.09E-12,5.99E-06,2,5,8,0.1,0.2,0,0.108,0.1,0.1,0.1
24,14,50,3913,4088.014662,3.56E-12,1.71E-05,2,5,8,0.1,0.2,0,0.108,0.1,0.1,0.1
25,14,50,2086,4144.913749,5.50E-11,0.007757101,2,5,8,0.1,0.2,0,0.108,0.1,0.1,0.1
1,16,50,6488,4193.669298,1.18E-12,1.35E-09,2,5,8,0.1,0.2,0,0.108,0.1,0.1,0.1
2,16,50,2082,4107.903463,7.62E-10,0.136876546,2,5,8,0.1,0.2,0,0.108,0.1,0.1,0.1
3,16,50,1828,4242.760401,1.41E-13,0.000137561,2,5,8,0.1,0.2,0,0.108,0.1,0.1,0.1
4,16,50,3769,4127.099266,7.92E-17,1.35E-05,2,5,8,0.1,0.2,0,0.108,0.1,0.1,0.1
5,16,50,3695,4248.20011,4.14E-16,8.35E-06,2,5,8,0.1,0.2,0,0.108,0.1,0.1,0.1
6,16,50,2191,3972.84452,9.04E-10,0.003027034,2,5,8,0.1,0.2,0,0.108,0.1,0.1,0.1
7,16,50,2716,4106.618683,1.94E-12,4.23E-12,2,5,8,0.1,0.2,0,0.108,0.1,0.1,0.1
8,16,50,1839,4135.692627,2.29E-12,0.003663102,2,5,8,0.1,0.2,0,0.108,0.1,0.1,0.1
9,16,50,3374,3911.308777,4.21E-14,1.05E-05,2,5,8,0.1,0.2,0,0.108,0.1,0.1,0.1
10,16,50,4370,4245.513498,3.11E-13,5.86E-10,2,5,8,0.1,0.2,0,0.108,0.1,0.1,0.1
11,16,50,6435,3907.417979,4.42E-11,0.003716489,2,5,8,0.1,0.2,0,0.108,0.1,0.1,0.1
12,16,50,6692,4099.662493,1.94E-11,1.94E-09,2,5,8,0.1,0.2,0,0.108,0.1,0.1,0.1
13,16,50,2375,3994.601241,2.87E-16,5.25E-11,2,5,8,0.1,0.2,0,0.108,0.1,0.1,0.1
14,16,50,3198,4017.09141,4.32E-12,1.12E-05,2,5,8,0.1,0.2,0,0.108,0.1,0.1,0.1
15,16,50,3893,4089.948687,4.50E-12,0.000104581,2,5,8,0.1,0.2,0,0.108,0.1,0.1,0.1
16,16,50,2284,4071.194388,3.80E-12,4.94E-08,2,5,8,0.1,0.2,0,0.108,0.1,0.1,0.1
17,16,50,3316,4142.964174,1.00E-09,4.09E-07,2,5,8,0.1,0.2,0,0.108,0.1,0.1,0.1
18,16,50,3043,4098.470066,2.01E-10,2.60E-06,2,5,8,0.1,0.2,0,0.108,0.1,0.1,0.1
19,16,50,3826,4100.313159,2.05E-11,1.97E-06,2,5,8,0.1,0.2,0,0.108,0.1,0.1,0.1
20,16,50,2014,3971.108544,2.07E-11,1.57E-05,2,5,8,0.1,0.2,0,0.108,0.1,0.1,0.1
21,16,50,2317,4109.306951,3.31E-12,0.003710507,2,5,8,0.1,0.2,0,0.108,0.1,0.1,0.1
22,16,50,3512,4163.588991,2.81E-11,3.03E-06,2,5,8,0.1,0.2,0,0.108,0.1,0.1,0.1
23,16,50,2301,4113.551091,1.06E-19,1.33E-07,2,5,8,0.1,0.2,0,0.108,0.1,0.1,0.1
24,16,50,4330,4116.051707,5.57E-16,1.11E-11,2,5,8,0.1,0.2,0,0.108,0.1,0.1,0.1
25,16,50,2724,4054.872441,9.20E-13,1.54E-07,2,5,8,0.1,0.2,0,0.108,0.1,0.1,0.1
1,18,50,3827,4282.396291,8.78E-16,6.64E-05,2,5,8,0.1,0.2,0,0.108,0.1,0.1,0.1
2,18,50,5711,4065.413518,3.59E-14,5.75E-08,2,5,8,0.1,0.2,0,0.108,0.1,0.1,0.1
3,18,50,6971,4107.213666,5.83E-14,1.01E-10,2,5,8,0.1,0.2,0,0.108,0.1,0.1,0.1
4,18,50,2027,3939.229825,3.05E-12,5.14E-09,2,5,8,0.1,0.2,0,0.108,0.1,0.1,0.1
5,18,50,2286,4042.911807,1.46E-09,5.55E-05,2,5,8,0.1,0.2,0,0.108,0.1,0.1,0.1
6,18,50,3040,4045.426308,2.59E-14,1.85E-11,2,5,8,0.1,0.2,0,0.108,0.1,0.1,0.1
7,18,50,5489,3972.330021,1.81E-09,7.78E-06,2,5,8,0.1,0.2,0,0.108,0.1,0.1,0.1
8,18,50,2284,4126.676249,1.40E-09,5.30E-07,2,5,8,0.1,0.2,0,0.108,0.1,0.1,0.1
9,18,50,4189,4116.740724,3.45E-11,7.96E-07,2,5,8,0.1,0.2,0,0.108,0.1,0.1,0.1
10,18,50,2262,4221.62746,2.27E-13,0.000970816,2,5,8,0.1,0.2,0,0.108,0.1,0.1,0.1
11,18,50,9635,4119.769743,1.26E-12,3.20E-09,2,5,8,0.1,0.2,0,0.108,0.1,0.1,0.1
12,18,50,2774,4066.37269,2.45E-14,1.53E-05,2,5,8,0.1,0.2,0,0.108,0.1,0.1,0.1
13,18,50,2225,4125.737726,4.33E-13,4.73E-08,2,5,8,0.1,0.2,0,0.108,0.1,0.1,0.1
14,18,50,6906,4156.603707,1.48E-10,4.97E-08,2,5,8,0.1,0.2,0,0.108,0.1,0.1,0.1
15,18,50,3774,4149.714937,2.97E-11,0.001175943,2,5,8,0.1,0.2,0,0.108,0.1,0.1,0.1
16,18,50,3290,4090.525064,5.14E-11,0.017875408,2,5,8,0.1,0.2,0,0.108,0.1,0.1,0.1
17,18,50,2771,4099.408372,3.03E-11,0.000257448,2,5,8,0.1,0.2,0,0.108,0.1,0.1,0.1
18,18,50,2791,3873.404411,2.48E-13,5.09E-07,2,5,8,0.1,0.2,0,0.108,0.1,0.1,0.1
19,18,50,2949,4077.220177,4.82E-11,1.15E-05,2,5,8,0.1,0.2,0,0.108,0.1,0.1,0.1
20,18,50,3321,4218.35512,1.26E-12,0.000300768,2,5,8,0.1,0.2,0,0.108,0.1,0.1,0.1
21,18,50,3031,4181.179665,1.02E-12,2.09E-10,2,5,8,0.1,0.2,0,0.108,0.1,0.1,0.1
22,18,50,1856,4137.883196,3.95E-12,0.000944495,2,5,8,0.1,0.2,0,0.108,0.1,0.1,0.1
23,18,50,3953,4111.73216,3.16E-13,3.13E-06,2,5,8,0.1,0.2,0,0.108,0.1,0.1,0.1
24,18,50,2803,4117.09487,3.80E-11,0.001255665,2,5,8,0.1,0.2,0,0.108,0.1,0.1,0.1
25,18,50,3087,4138.151324,3.91E-13,4.58E-06,2,5,8,0.1,0.2,0,0.108,0.1,0.1,0.1
1,20,50,2983,4223.056188,2.44E-10,0.119569423,2,5,8,0.1,0.2,0,0.108,0.1,0.1,0.1
2,20,50,3265,4115.079578,5.42E-10,4.10E-05,2,5,8,0.1,0.2,0,0.108,0.1,0.1,0.1
3,20,50,3940,3948.604899,1.09E-12,7.22E-14,2,5,8,0.1,0.2,0,0.108,0.1,0.1,0.1
4,20,50,2265,4213.413932,1.04E-12,1.02E-13,2,5,8,0.1,0.2,0,0.108,0.1,0.1,0.1
5,20,50,2717,4177.623701,1.16E-11,4.94E-07,2,5,8,0.1,0.2,0,0.108,0.1,0.1,0.1
6,20,50,1977,4131.715284,5.49E-14,3.65E-12,2,5,8,0.1,0.2,0,0.108,0.1,0.1,0.1
7,20,50,3583,4187.952279,2.00E-13,0.000252185,2,5,8,0.1,0.2,0,0.108,0.1,0.1,0.1
8,20,50,2852,4120.168079,2.63E-10,0.006213563,2,5,8,0.1,0.2,0,0.108,0.1,0.1,0.1
9,20,50,2231,4097.616813,1.85E-12,5.30E-07,2,5,8,0.1,0.2,0,0.108,0.1,0.1,0.1
10,20,50,3239,4024.590527,6.91E-11,3.54E-05,2,5,8,0.1,0.2,0,0.108,0.1,0.1,0.1
11,20,50,2363,4326.484731,9.80E-11,0.000744698,2,5,8,0.1,0.2,0,0.108,0.1,0.1,0.1
12,20,50,2174,4137.200623,2.09E-15,0.000233485,2,5,8,0.1,0.2,0,0.108,0.1,0.1,0.1
13,20,50,1688,4047.975475,9.81E-13,0.851321364,2,5,8,0.1,0.2,0,0.108,0.1,0.1,0.1
14,20,50,1504,4109.263282,1.56E-10,1.12E-06,2,5,8,0.1,0.2,0,0.108,0.1,0.1,0.1
15,20,50,2189,4012.115079,4.33E-10,0.022991356,2,5,8,0.1,0.2,0,0.108,0.1,0.1,0.1
16,20,50,3097,3999.762062,3.89E-10,9.71E-09,2,5,8,0.1,0.2,0,0.108,0.1,0.1,0.1
17,20,50,3125,4106.219436,1.30E-11,0.031844289,2,5,8,0.1,0.2,0,0.108,0.1,0.1,0.1
18,20,50,6293,4234.58669,2.56E-16,2.68E-06,2,5,8,0.1,0.2,0,0.108,0.1,0.1,0.1
19,20,50,2956,4007.030383,4.09E-10,1.07E-07,2,5,8,0.1,0.2,0,0.108,0.1,0.1,0.1
20,20,50,2870,3989.608682,5.38E-10,2.72E-09,2,5,8,0.1,0.2,0,0.108,0.1,0.1,0.1
21,20,50,4303,4066.538299,4.91E-13,4.81E-05,2,5,8,0.1,0.2,0,0.108,0.1,0.1,0.1
22,20,50,3217,4079.607999,8.15E-09,4.02E-08,2,5,8,0.1,0.2,0,0.108,0.1,0.1,0.1
23,20,50,2139,4219.144892,1.65E-15,6.86E-07,2,5,8,0.1,0.2,0,0.108,0.1,0.1,0.1
24,20,50,4984,4155.202436,1.59E-10,1.22E-05,2,5,8,0.1,0.2,0,0.108,0.1,0.1,0.1
25,20,50,3323,4147.494683,2.22E-11,1.31E-07,2,5,8,0.1,0.2,0,0.108,0.1,0.1,0.1
1,10,60,2473,4231.270777,2.53E-11,7.02E-07,2,5,8,0.1,0.2,0,0.108,0.1,0.1,0.1
2,10,60,3461,4015.033939,2.80E-11,2.65E-06,2,5,8,0.1,0.2,0,0.108,0.1,0.1,0.1
3,10,60,2261,4130.79343,1.07E-10,0.004040407,2,5,8,0.1,0.2,0,0.108,0.1,0.1,0.1
4,10,60,2956,4083.703134,1.58E-16,9.30E-13,2,5,8,0.1,0.2,0,0.108,0.1,0.1,0.1
5,10,60,2712,3968.073048,7.60E-14,5.94E-05,2,5,8,0.1,0.2,0,0.108,0.1,0.1,0.1
6,10,60,4908,4059.735192,6.59E-15,0.060585655,2,5,8,0.1,0.2,0,0.108,0.1,0.1,0.1
7,10,60,5250,4072.937881,1.82E-11,2.36E-07,2,5,8,0.1,0.2,0,0.108,0.1,0.1,0.1
8,10,60,4107,4018.465058,8.90E-14,2.73E-08,2,5,8,0.1,0.2,0,0.108,0.1,0.1,0.1
9,10,60,1581,4176.657217,1.09E-12,0.038652722,2,5,8,0.1,0.2,0,0.108,0.1,0.1,0.1
10,10,60,2635,4022.184646,5.77E-14,2.81E-07,2,5,8,0.1,0.2,0,0.108,0.1,0.1,0.1
11,10,60,2426,3997.780241,6.35E-13,0.001215406,2,5,8,0.1,0.2,0,0.108,0.1,0.1,0.1
12,10,60,3059,4183.595861,3.84E-11,0.000347073,2,5,8,0.1,0.2,0,0.108,0.1,0.1,0.1
13,10,60,2734,4026.410741,1.60E-12,0.000126057,2,5,8,0.1,0.2,0,0.108,0.1,0.1,0.1
14,10,60,2650,4084.448273,6.82E-16,0.000806989,2,5,8,0.1,0.2,0,0.108,0.1,0.1,0.1
15,10,60,3386,4076.208434,5.35E-14,1.28E-12,2,5,8,0.1,0.2,0,0.108,0.1,0.1,0.1
16,10,60,3046,4081.483335,1.07E-11,0.006557122,2,5,8,0.1,0.2,0,0.108,0.1,0.1,0.1
17,10,60,2505,4090.684827,4.04E-10,3.19E-07,2,5,8,0.1,0.2,0,0.108,0.1,0.1,0.1
18,10,60,4770,4101.048841,4.59E-10,1.35E-08,2,5,8,0.1,0.2,0,0.108,0.1,0.1,0.1
19,10,60,1779,4144.305543,3.89E-10,5.59E-05,2,5,8,0.1,0.2,0,0.108,0.1,0.1,0.1
20,10,60,2148,4066.885105,5.53E-13,0.000900052,2,5,8,0.1,0.2,0,0.108,0.1,0.1,0.1
21,10,60,4433,4151.553275,1.84E-10,2.40E-14,2,5,8,0.1,0.2,0,0.108,0.1,0.1,0.1
22,10,60,3473,4133.10488,3.30E-14,1.63E-14,2,5,8,0.1,0.2,0,0.108,0.1,0.1,0.1
23,10,60,3609,4278.006971,1.27E-10,0.391779778,2,5,8,0.1,0.2,0,0.108,0.1,0.1,0.1
24,10,60,2749,4117.999476,1.81E-12,0.082298331,2,5,8,0.1,0.2,0,0.108,0.1,0.1,0.1
25,10,60,2223,4212.1403,1.12E-10,6.57E-05,2,5,8,0.1,0.2,0,0.108,0.1,0.1,0.1
1,12,60,2091,4225.950284,1.33E-10,9.39E-07,2,5,8,0.1,0.2,0,0.108,0.1,0.1,0.1
2,12,60,3127,4278.77288,2.65E-12,8.50E-07,2,5,8,0.1,0.2,0,0.108,0.1,0.1,0.1
3,12,60,5305,4038.916438,4.59E-12,5.11E-10,2,5,8,0.1,0.2,0,0.108,0.1,0.1,0.1
4,12,60,3806,4094.633732,7.17E-10,0.002980811,2,5,8,0.1,0.2,0,0.108,0.1,0.1,0.1
5,12,60,3240,4075.289856,3.94E-10,5.73E-07,2,5,8,0.1,0.2,0,0.108,0.1,0.1,0.1
6,12,60,2270,4081.835082,2.99E-16,1.58E-06,2,5,8,0.1,0.2,0,0.108,0.1,0.1,0.1
7,12,60,2981,4209.492907,4.43E-14,2.88E-06,2,5,8,0.1,0.2,0,0.108,0.1,0.1,0.1
8,12,60,2549,4136.318168,8.15E-10,0.000165586,2,5,8,0.1,0.2,0,0.108,0.1,0.1,0.1
9,12,60,1788,4175.561862,1.21E-11,0.000170914,2,5,8,0.1,0.2,0,0.108,0.1,0.1,0.1
10,12,60,3007,4122.859578,1.02E-13,1.14E-05,2,5,8,0.1,0.2,0,0.108,0.1,0.1,0.1
11,12,60,2128,4025.589416,6.62E-16,0.000198695,2,5,8,0.1,0.2,0,0.108,0.1,0.1,0.1
12,12,60,3458,4096.671054,8.24E-10,4.30E-06,2,5,8,0.1,0.2,0,0.108,0.1,0.1,0.1
13,12,60,3130,3922.015554,5.59E-10,0.001789887,2,5,8,0.1,0.2,0,0.108,0.1,0.1,0.1
14,12,60,3160,3976.567019,1.64E-12,1.46E-12,2,5,8,0.1,0.2,0,0.108,0.1,0.1,0.1
15,12,60,2678,4223.822566,5.10E-13,3.57E-07,2,5,8,0.1,0.2,0,0.108,0.1,0.1,0.1
16,12,60,2516,4088.81174,5.75E-14,4.32E-10,2,5,8,0.1,0.2,0,0.108,0.1,0.1,0.1
17,12,60,3757,4029.518094,6.99E-12,8.56E-09,2,5,8,0.1,0.2,0,0.108,0.1,0.1,0.1
18,12,60,2969,4217.45162,2.14E-13,3.23E-08,2,5,8,0.1,0.2,0,0.108,0.1,0.1,0.1
19,12,60,5417,4087.739534,2.14E-12,1.65E-07,2,5,8,0.1,0.2,0,0.108,0.1,0.1,0.1
20,12,60,1983,4128.786877,4.87E-14,2.47E-05,2,5,8,0.1,0.2,0,0.108,0.1,0.1,0.1
21,12,60,3716,4167.717507,2.25E-12,0.000507933,2,5,8,0.1,0.2,0,0.108,0.1,0.1,0.1
22,12,60,4608,4022.532867,5.12E-09,0.005137216,2,5,8,0.1,0.2,0,0.108,0.1,0.1,0.1
23,12,60,3997,4044.184457,3.07E-12,9.83E-06,2,5,8,0.1,0.2,0,0.108,0.1,0.1,0.1
24,12,60,2725,3958.026752,7.91E-10,0.000472734,2,5,8,0.1,0.2,0,0.108,0.1,0.1,0.1
25,12,60,6136,4187.395025,5.04E-13,4.84E-05,2,5,8,0.1,0.2,0,0.108,0.1,0.1,0.1
1,14,60,1801,4157.804865,2.13E-18,2.87E-07,2,5,8,0.1,0.2,0,0.108,0.1,0.1,0.1
2,14,60,3064,4147.565853,8.27E-11,3.80E-05,2,5,8,0.1,0.2,0,0.108,0.1,0.1,0.1
3,14,60,4598,4008.285101,1.33E-17,7.09E-07,2,5,8,0.1,0.2,0,0.108,0.1,0.1,0.1
4,14,60,2141,4063.616897,1.32E-11,0.01804609,2,5,8,0.1,0.2,0,0.108,0.1,0.1,0.1
5,14,60,2923,3961.559107,4.88E-11,3.74E-08,2,5,8,0.1,0.2,0,0.108,0.1,0.1,0.1
6,14,60,2822,4148.176094,3.30E-13,8.53E-09,2,5,8,0.1,0.2,0,0.108,0.1,0.1,0.1
7,14,60,3860,4174.688254,3.18E-13,5.03E-06,2,5,8,0.1,0.2,0,0.108,0.1,0.1,0.1
8,14,60,2560,4110.415902,5.08E-20,2.49E-19,2,5,8,0.1,0.2,0,0.108,0.1,0.1,0.1
9,14,60,2585,4387.876909,8.58E-10,1.94E-06,2,5,8,0.1,0.2,0,0.108,0.1,0.1,0.1
10,14,60,5645,4114.366343,4.76E-11,4.11E-06,2,5,8,0.1,0.2,0,0.108,0.1,0.1,0.1
11,14,60,3623,4002.142809,2.11E-10,0.040433829,2,5,8,0.1,0.2,0,0.108,0.1,0.1,0.1
12,14,60,2916,3799.864466,2.56E-12,1.56E-12,2,5,8,0.1,0.2,0,0.108,0.1,0.1,0.1
13,14,60,3084,3984.092964,1.30E-10,1.22E-05,2,5,8,0.1,0.2,0,0.108,0.1,0.1,0.1
14,14,60,4138,4153.054457,3.32E-14,0.000725671,2,5,8,0.1,0.2,0,0.108,0.1,0.1,0.1
15,14,60,2818,4065.304101,9.13E-17,1.36E-10,2,5,8,0.1,0.2,0,0.108,0.1,0.1,0.1
16,14,60,2485,4093.451717,1.80E-13,2.26E-05,2,5,8,0.1,0.2,0,0.108,0.1,0.1,0.1
17,14,60,3505,4163.764336,2.84E-14,8.45E-07,2,5,8,0.1,0.2,0,0.108,0.1,0.1,0.1
18,14,60,3313,4043.037184,1.07E-11,0.004452959,2,5,8,0.1,0.2,0,0.108,0.1,0.1,0.1
19,14,60,2014,4241.720537,2.36E-13,7.19E-09,2,5,8,0.1,0.2,0,0.108,0.1,0.1,0.1
20,14,60,2271,3991.541125,4.25E-10,0.181047454,2,5,8,0.1,0.2,0,0.108,0.1,0.1,0.1
21,14,60,2780,4106.858231,3.23E-11,1.06E-06,2,5,8,0.1,0.2,0,0.108,0.1,0.1,0.1
22,14,60,3328,4166.144114,7.22E-14,1.19E-10,2,5,8,0.1,0.2,0,0.108,0.1,0.1,0.1
23,14,60,3280,4100.683525,6.79E-10,0.005948313,2,5,8,0.1,0.2,0,0.108,0.1,0.1,0.1
24,14,60,2202,4055.236377,3.07E-15,7.49E-07,2,5,8,0.1,0.2,0,0.108,0.1,0.1,0.1
25,14,60,4360,4032.74659,4.64E-13,1.12E-08,2,5,8,0.1,0.2,0,0.108,0.1,0.1,0.1
1,16,60,1906,3997.308513,2.11E-16,9.77E-07,2,5,8,0.1,0.2,0,0.108,0.1,0.1,0.1
2,16,60,2473,4214.642253,5.88E-11,0.004277884,2,5,8,0.1,0.2,0,0.108,0.1,0.1,0.1
3,16,60,4673,4103.256252,2.45E-09,0.000270123,2,5,8,0.1,0.2,0,0.108,0.1,0.1,0.1
4,16,60,2430,4237.060842,2.72E-10,4.23E-05,2,5,8,0.1,0.2,0,0.108,0.1,0.1,0.1
5,16,60,2753,4211.274421,2.83E-14,1.83E-07,2,5,8,0.1,0.2,0,0.108,0.1,0.1,0.1
6,16,60,6250,4095.353197,6.37E-13,1.10E-09,2,5,8,0.1,0.2,0,0.108,0.1,0.1,0.1
7,16,60,3042,3949.393555,1.30E-11,4.15E-06,2,5,8,0.1,0.2,0,0.108,0.1,0.1,0.1
8,16,60,3129,4157.922414,5.05E-11,0.000243795,2,5,8,0.1,0.2,0,0.108,0.1,0.1,0.1
9,16,60,3948,4024.940142,2.49E-10,1.75E-07,2,5,8,0.1,0.2,0,0.108,0.1,0.1,0.1
10,16,60,2291,4060.425717,6.95E-13,0.001745048,2,5,8,0.1,0.2,0,0.108,0.1,0.1,0.1
11,16,60,2371,4016.125409,1.83E-12,3.96E-11,2,5,8,0.1,0.2,0,0.108,0.1,0.1,0.1
12,16,60,3309,4204.203617,9.63E-11,1.62E-06,2,5,8,0.1,0.2,0,0.108,0.1,0.1,0.1
13,16,60,2263,4095.307674,2.31E-09,4.35E-05,2,5,8,0.1,0.2,0,0.108,0.1,0.1,0.1
14,16,60,3523,4111.685153,2.96E-12,2.69E-06,2,5,8,0.1,0.2,0,0.108,0.1,0.1,0.1
15,16,60,3077,4131.28433,1.80E-09,0.000402855,2,5,8,0.1,0.2,0,0.108,0.1,0.1,0.1
16,16,60,4627,4143.415644,1.35E-14,5.50E-06,2,5,8,0.1,0.2,0,0.108,0.1,0.1,0.1
17,16,60,6847,3955.445742,3.03E-10,1.71E-05,2,5,8,0.1,0.2,0,0.108,0.1,0.1,0.1
18,16,60,2096,3988.982457,2.10E-10,2.55E-05,2,5,8,0.1,0.2,0,0.108,0.1,0.1,0.1
19,16,60,4861,4118.750941,4.37E-16,0.003572983,2,5,8,0.1,0.2,0,0.108,0.1,0.1,0.1
20,16,60,3303,4020.258318,9.49E-14,8.97E-10,2,5,8,0.1,0.2,0,0.108,0.1,0.1,0.1
21,16,60,3957,4107.025287,9.19E-15,2.56E-10,2,5,8,0.1,0.2,0,0.108,0.1,0.1,0.1
22,16,60,3608,3988.792688,2.84E-13,0.000305118,2,5,8,0.1,0.2,0,0.108,0.1,0.1,0.1
23,16,60,8180,4124.132218,7.57E-12,3.42E-05,2,5,8,0.1,0.2,0,0.108,0.1,0.1,0.1
24,16,60,3310,4069.999359,3.72E-16,7.94E-10,2,5,8,0.1,0.2,0,0.108,0.1,0.1,0.1
25,16,60,2970,4169.787357,2.14E-14,5.81E-16,2,5,8,0.1,0.2,0,0.108,0.1,0.1,0.1
1,18,60,4558,4098.620231,8.25E-10,4.81E-10,2,5,8,0.1,0.2,0,0.108,0.1,0.1,0.1
2,18,60,1984,4227.033265,1.13E-11,6.67E-07,2,5,8,0.1,0.2,0,0.108,0.1,0.1,0.1
3,18,60,3172,4226.525606,7.38E-11,2.69E-07,2,5,8,0.1,0.2,0,0.108,0.1,0.1,0.1
4,18,60,3265,4071.049312,7.45E-16,5.82E-07,2,5,8,0.1,0.2,0,0.108,0.1,0.1,0.1
5,18,60,2106,4070.33265,1.03E-16,2.65E-11,2,5,8,0.1,0.2,0,0.108,0.1,0.1,0.1
6,18,60,2365,4109.790109,3.01E-11,0.000406203,2,5,8,0.1,0.2,0,0.108,0.1,0.1,0.1
7,18,60,5701,3974.44059,3.36E-11,1.66E-08,2,5,8,0.1,0.2,0,0.108,0.1,0.1,0.1
8,18,60,2261,4208.974665,1.31E-11,1.13E-06,2,5,8,0.1,0.2,0,0.108,0.1,0.1,0.1
9,18,60,3858,4184.839246,6.04E-11,0.886340703,2,5,8,0.1,0.2,0,0.108,0.1,0.1,0.1
10,18,60,3532,3993.007759,1.74E-14,7.85E-12,2,5,8,0.1,0.2,0,0.108,0.1,0.1,0.1
11,18,60,2612,4054.791786,1.32E-09,0.010890068,2,5,8,0.1,0.2,0,0.108,0.1,0.1,0.1
12,18,60,2691,4026.954864,2.16E-11,3.89E-06,2,5,8,0.1,0.2,0,0.108,0.1,0.1,0.1
13,18,60,2835,4148.798272,7.28E-12,0.001326384,2,5,8,0.1,0.2,0,0.108,0.1,0.1,0.1
14,18,60,3727,4087.65009,2.02E-11,4.71E-08,2,5,8,0.1,0.2,0,0.108,0.1,0.1,0.1
15,18,60,3193,4068.002675,2.40E-11,5.51E-11,2,5,8,0.1,0.2,0,0.108,0.1,0.1,0.1
16,18,60,3923,4151.426751,2.48E-15,2.62E-08,2,5,8,0.1,0.2,0,0.108,0.1,0.1,0.1
17,18,60,2871,4040.768233,1.19E-12,2.09E-09,2,5,8,0.1,0.2,0,0.108,0.1,0.1,0.1
18,18,60,5630,4224.904088,5.91E-10,1.57E-07,2,5,8,0.1,0.2,0,0.108,0.1,0.1,0.1
19,18,60,2653,4099.952403,2.89E-11,1.65E-07,2,5,8,0.1,0.2,0,0.108,0.1,0.1,0.1
20,18,60,3512,4085.840063,3.63E-12,1.34E-08,2,5,8,0.1,0.2,0,0.108,0.1,0.1,0.1
21,18,60,3706,4115.893302,1.79E-14,4.68E-12,2,5,8,0.1,0.2,0,0.108,0.1,0.1,0.1
22,18,60,2199,4031.244034,6.47E-14,0.004312917,2,5,8,0.1,0.2,0,0.108,0.1,0.1,0.1
23,18,60,3936,4062.517095,6.13E-16,0.000513555,2,5,8,0.1,0.2,0,0.108,0.1,0.1,0.1
24,18,60,2899,4068.172612,6.87E-13,7.80E-06,2,5,8,0.1,0.2,0,0.108,0.1,0.1,0.1
25,18,60,2309,4127.570045,7.44E-12,7.78E-06,2,5,8,0.1,0.2,0,0.108,0.1,0.1,0.1
1,20,60,1945,4021.842498,4.97E-20,7.31E-12,2,5,8,0.1,0.2,0,0.108,0.1,0.1,0.1
2,20,60,2954,4137.509615,4.80E-11,2.35E-07,2,5,8,0.1,0.2,0,0.108,0.1,0.1,0.1
3,20,60,2645,3995.9974,7.17E-15,1.36E-05,2,5,8,0.1,0.2,0,0.108,0.1,0.1,0.1
4,20,60,5734,4246.721662,2.82E-15,7.52E-12,2,5,8,0.1,0.2,0,0.108,0.1,0.1,0.1
5,20,60,4527,4152.909562,3.87E-11,1.00E-06,2,5,8,0.1,0.2,0,0.108,0.1,0.1,0.1
6,20,60,4647,4320.780403,1.39E-10,7.32E-09,2,5,8,0.1,0.2,0,0.108,0.1,0.1,0.1
7,20,60,4513,4152.883047,9.18E-12,2.67E-10,2,5,8,0.1,0.2,0,0.108,0.1,0.1,0.1
8,20,60,3672,4166.726347,2.01E-11,0.103123268,2,5,8,0.1,0.2,0,0.108,0.1,0.1,0.1
9,20,60,3056,3966.389797,1.16E-11,2.79E-06,2,5,8,0.1,0.2,0,0.108,0.1,0.1,0.1
10,20,60,3510,4063.155409,1.59E-10,7.72E-08,2,5,8,0.1,0.2,0,0.108,0.1,0.1,0.1
11,20,60,3374,4176.93901,6.37E-09,3.83E-06,2,5,8,0.1,0.2,0,0.108,0.1,0.1,0.1
12,20,60,3045,4100.789964,2.07E-12,0.000244498,2,5,8,0.1,0.2,0,0.108,0.1,0.1,0.1
13,20,60,2602,4180.144307,2.43E-09,0.001309238,2,5,8,0.1,0.2,0,0.108,0.1,0.1,0.1
14,20,60,1566,3996.884829,8.15E-11,0.024564757,2,5,8,0.1,0.2,0,0.108,0.1,0.1,0.1
15,20,60,2209,4002.325606,9.09E-11,2.49E-08,2,5,8,0.1,0.2,0,0.108,0.1,0.1,0.1
16,20,60,3729,4124.655476,6.81E-13,2.07E-06,2,5,8,0.1,0.2,0,0.108,0.1,0.1,0.1
17,20,60,3134,4212.059418,3.40E-11,1.26E-10,2,5,8,0.1,0.2,0,0.108,0.1,0.1,0.1
18,20,60,2821,4000.842992,6.99E-11,5.41E-09,2,5,8,0.1,0.2,0,0.108,0.1,0.1,0.1
19,20,60,2531,4025.966561,8.36E-13,0.017038453,2,5,8,0.1,0.2,0,0.108,0.1,0.1,0.1
20,20,60,2870,4160.349332,1.17E-08,0.223267959,2,5,8,0.1,0.2,0,0.108,0.1,0.1,0.1
21,20,60,4548,3981.833369,1.90E-12,1.98E-16,2,5,8,0.1,0.2,0,0.108,0.1,0.1,0.1
22,20,60,8485,4125.746965,1.05E-12,0.000112534,2,5,8,0.1,0.2,0,0.108,0.1,0.1,0.1
23,20,60,3960,4063.814214,6.40E-13,3.99E-06,2,5,8,0.1,0.2,0,0.108,0.1,0.1,0.1
24,20,60,4184,4191.207474,1.45E-10,0.069619571,2,5,8,0.1,0.2,0,0.108,0.1,0.1,0.1
25,20,60,3529,3958.412653,4.38E-10,2.85E-10,2,5,8,0.1,0.2,0,0.108,0.1,0.1,0.1
