nIteration,n,reps,DurationGLMM_NeldMeader_AGP0,AIC_NeldMeader_AGP0,Pvalues_NeldMeader_AGP0_Accuracy,Pvalues_NeldMeader_AGP0_Precision,DurationGLMM_bobyqa_AGP0,AIC_bobyqa_AGP0,Pvalues_bobyqa_AGP0_Accuracy,Pvalues_bobyqa_AGP0_Precision,ConditionsOfInterest,StandardValue1,StandardValue2,PSE_Difference,JND_Difference,Multiplicator_PSE_Standard,Multiplicator_SD_Standard,SD_ResponseFunction,Mean_Variability_Between,SD_Variability_Between
1,10,30,75351,4194.545238,1.43E-10,1.10E-06,4719,4194.102856,1.76E-10,1.37E-06,2,5,8,0.1,0.2,0,0.108,0.1,0.1,0.1
2,10,30,54882,4153.951351,3.03E-12,1.12E-06,4946,4153.951347,3.03E-12,1.11E-06,2,5,8,0.1,0.2,0,0.108,0.1,0.1,0.1
3,10,30,46914,4082.421473,6.48E-11,1.57E-05,3392,4082.421474,6.45E-11,1.57E-05,2,5,8,0.1,0.2,0,0.108,0.1,0.1,0.1
4,10,30,23894,4050.39563,8.89E-12,4.90E-05,4192,4050.395477,8.91E-12,4.91E-05,2,5,8,0.1,0.2,0,0.108,0.1,0.1,0.1
5,10,30,50741,4234.773103,9.04E-13,0.005116203,4306,4234.773103,8.97E-13,0.005115424,2,5,8,0.1,0.2,0,0.108,0.1,0.1,0.1
6,10,30,32503,4129.474808,6.92E-09,0.008268084,4784,4129.242862,7.92E-09,0.008402051,2,5,8,0.1,0.2,0,0.108,0.1,0.1,0.1
7,10,30,56188,4098.774851,2.15E-17,0.000298869,2601,4098.774848,2.08E-17,0.000298452,2,5,8,0.1,0.2,0,0.108,0.1,0.1,0.1
8,10,30,35877,4091.73771,1.85E-16,6.09E-12,2366,4091.737749,2.13E-16,6.09E-12,2,5,8,0.1,0.2,0,0.108,0.1,0.1,0.1
9,10,30,31933,4061.450128,2.90E-10,1.43E-05,2703,4061.45012,2.89E-10,1.42E-05,2,5,8,0.1,0.2,0,0.108,0.1,0.1,0.1
10,10,30,36905,4255.208677,1.29E-10,0.023164403,1803,4256.428411,8.40E-11,0.019531507,2,5,8,0.1,0.2,0,0.108,0.1,0.1,0.1
11,10,30,86332,4274.538493,1.24E-12,0.000112954,5721,4274.538495,1.22E-12,0.00011245,2,5,8,0.1,0.2,0,0.108,0.1,0.1,0.1
12,10,30,43205,4073.998968,1.55E-10,0.000166804,1798,4074.003915,1.55E-10,0.000169481,2,5,8,0.1,0.2,0,0.108,0.1,0.1,0.1
13,10,30,36713,4179.860039,2.42E-15,2.06E-11,2533,4180.187803,1.93E-15,1.48E-11,2,5,8,0.1,0.2,0,0.108,0.1,0.1,0.1
14,10,30,73605,4031.775444,1.25E-16,2.71E-06,3101,4027.365408,1.58E-16,4.85E-05,2,5,8,0.1,0.2,0,0.108,0.1,0.1,0.1
15,10,30,64747,4102.956063,4.48E-12,0.000571261,1836,4103.404489,4.01E-12,0.000521282,2,5,8,0.1,0.2,0,0.108,0.1,0.1,0.1
16,10,30,49890,4172.983283,1.18E-13,5.81E-10,4908,4172.653649,1.51E-13,8.57E-10,2,5,8,0.1,0.2,0,0.108,0.1,0.1,0.1
17,10,30,75817,4052.474923,3.51E-16,3.39E-09,3367,4052.474939,3.42E-16,3.43E-09,2,5,8,0.1,0.2,0,0.108,0.1,0.1,0.1
18,10,30,52834,3975.314968,2.49E-13,8.45E-10,3765,3975.31497,2.51E-13,8.46E-10,2,5,8,0.1,0.2,0,0.108,0.1,0.1,0.1
19,10,30,59011,3958.215204,3.61E-09,0.000596533,6964,3958.214965,3.61E-09,0.000595788,2,5,8,0.1,0.2,0,0.108,0.1,0.1,0.1
20,10,30,37286,4200.592848,3.67E-10,0.186720412,2534,4200.592849,3.68E-10,0.186819083,2,5,8,0.1,0.2,0,0.108,0.1,0.1,0.1
21,10,30,74106,4100.117944,1.09E-12,3.83E-11,3703,4100.117945,1.08E-12,3.83E-11,2,5,8,0.1,0.2,0,0.108,0.1,0.1,0.1
22,10,30,42562,4004.722411,2.91E-13,1.87E-06,2822,4004.722391,2.90E-13,1.87E-06,2,5,8,0.1,0.2,0,0.108,0.1,0.1,0.1
23,10,30,80102,4039.386494,3.13E-11,1.50E-10,3966,4038.557039,2.84E-11,1.32E-10,2,5,8,0.1,0.2,0,0.108,0.1,0.1,0.1
24,10,30,57070,4370.226333,1.70E-09,1.35E-05,2743,4370.334087,1.26E-09,9.86E-06,2,5,8,0.1,0.2,0,0.108,0.1,0.1,0.1
25,10,30,28734,4143.053484,2.64E-12,9.56E-11,6407,4143.053476,2.65E-12,9.56E-11,2,5,8,0.1,0.2,0,0.108,0.1,0.1,0.1
1,12,30,24548,4217.743754,1.16E-08,0.051039969,3260,4218.994537,1.54E-08,0.057952963,2,5,8,0.1,0.2,0,0.108,0.1,0.1,0.1
2,12,30,41985,4003.648057,1.44E-12,0.074299736,2735,4003.752225,1.55E-12,0.07431222,2,5,8,0.1,0.2,0,0.108,0.1,0.1,0.1
3,12,30,48501,4188.047189,3.78E-11,0.000575193,2784,4188.047189,3.76E-11,0.000574829,2,5,8,0.1,0.2,0,0.108,0.1,0.1,0.1
4,12,30,41429,4018.555571,8.72E-16,8.12E-14,1740,4019.209033,3.71E-16,5.43E-14,2,5,8,0.1,0.2,0,0.108,0.1,0.1,0.1
5,12,30,38794,4019.456456,9.66E-11,1.47E-05,2561,4019.486221,9.66E-11,1.44E-05,2,5,8,0.1,0.2,0,0.108,0.1,0.1,0.1
6,12,30,31816,4036.060205,3.78E-11,1.44E-05,4291,4036.060209,3.75E-11,1.44E-05,2,5,8,0.1,0.2,0,0.108,0.1,0.1,0.1
7,12,30,30504,4107.869596,9.97E-09,4.55E-08,5846,4107.869596,9.98E-09,4.55E-08,2,5,8,0.1,0.2,0,0.108,0.1,0.1,0.1
8,12,30,89833,4098.710766,1.25E-14,2.28E-10,8193,4098.710768,1.26E-14,2.27E-10,2,5,8,0.1,0.2,0,0.108,0.1,0.1,0.1
9,12,30,82553,4267.651787,1.58E-12,2.44E-06,2376,4268.340652,2.39E-12,3.46E-06,2,5,8,0.1,0.2,0,0.108,0.1,0.1,0.1
10,12,30,33109,4031.996275,2.04E-09,0.007089427,2656,4031.996275,2.03E-09,0.00708939,2,5,8,0.1,0.2,0,0.108,0.1,0.1,0.1
11,12,30,36265,4022.054362,2.23E-13,6.75E-08,2366,4022.054362,2.24E-13,6.75E-08,2,5,8,0.1,0.2,0,0.108,0.1,0.1,0.1
12,12,30,57427,4165.449396,9.14E-11,0.000709827,5898,4165.449438,9.20E-11,0.000713145,2,5,8,0.1,0.2,0,0.108,0.1,0.1,0.1
13,12,30,45270,3843.547213,7.51E-14,1.60E-09,5411,3843.547213,7.50E-14,1.60E-09,2,5,8,0.1,0.2,0,0.108,0.1,0.1,0.1
14,12,30,61628,4128.992237,2.93E-14,4.32E-08,2213,4128.992237,2.92E-14,4.32E-08,2,5,8,0.1,0.2,0,0.108,0.1,0.1,0.1
15,12,30,15927,4092.89677,1.41E-15,7.61E-08,2380,4092.907044,1.53E-15,7.73E-08,2,5,8,0.1,0.2,0,0.108,0.1,0.1,0.1
16,12,30,90011,3925.780565,1.29E-17,1.43E-08,4893,3925.778862,1.25E-17,1.61E-08,2,5,8,0.1,0.2,0,0.108,0.1,0.1,0.1
17,12,30,97296,4126.110942,7.20E-14,1.13E-05,3532,4126.110942,7.20E-14,1.13E-05,2,5,8,0.1,0.2,0,0.108,0.1,0.1,0.1
18,12,30,32341,3955.650784,1.23E-17,2.35E-11,2777,3955.713809,1.70E-17,2.55E-11,2,5,8,0.1,0.2,0,0.108,0.1,0.1,0.1
19,12,30,43460,3984.588956,2.36E-11,2.92E-11,2986,3984.588972,2.38E-11,2.94E-11,2,5,8,0.1,0.2,0,0.108,0.1,0.1,0.1
20,12,30,91875,4034.779295,1.19E-12,6.61E-08,5060,4034.72294,1.13E-12,5.93E-08,2,5,8,0.1,0.2,0,0.108,0.1,0.1,0.1
21,12,30,54378,4051.390396,1.97E-12,0.192698752,2017,4051.390398,1.99E-12,0.192576285,2,5,8,0.1,0.2,0,0.108,0.1,0.1,0.1
22,12,30,26558,4027.515318,0.003973827,0.000142099,4504,4024.64588,6.50E-14,0.000101956,2,5,8,0.1,0.2,0,0.108,0.1,0.1,0.1
23,12,30,29179,4202.483527,1.20E-11,1.48E-06,3247,4202.455318,1.27E-11,1.50E-06,2,5,8,0.1,0.2,0,0.108,0.1,0.1,0.1
24,12,30,43227,4104.297868,3.32E-09,2.07E-07,7654,4103.915947,3.04E-09,2.03E-07,2,5,8,0.1,0.2,0,0.108,0.1,0.1,0.1
25,12,30,56737,4127.77971,1.57E-13,1.71E-06,3670,4127.700092,1.63E-13,4.11E-06,2,5,8,0.1,0.2,0,0.108,0.1,0.1,0.1
1,14,30,37249,3982.612597,5.81E-13,0.104396012,3972,3982.612597,5.83E-13,0.104436339,2,5,8,0.1,0.2,0,0.108,0.1,0.1,0.1
2,14,30,34850,4087.938518,6.90E-10,1.88E-10,5819,4087.938526,6.87E-10,1.88E-10,2,5,8,0.1,0.2,0,0.108,0.1,0.1,0.1
3,14,30,59130,4016.087105,1.81E-10,3.75E-06,8068,4012.309102,9.80E-12,1.31E-07,2,5,8,0.1,0.2,0,0.108,0.1,0.1,0.1
4,14,30,39391,4145.434751,9.96E-12,0.0008292,4172,4145.434751,9.95E-12,0.000829116,2,5,8,0.1,0.2,0,0.108,0.1,0.1,0.1
5,14,30,44292,4002.277417,1.55E-13,0.000610402,3390,3994.4823,1.62E-13,0.000226818,2,5,8,0.1,0.2,0,0.108,0.1,0.1,0.1
6,14,30,51921,4021.897324,4.10E-11,4.78E-07,4231,4021.897329,4.16E-11,4.80E-07,2,5,8,0.1,0.2,0,0.108,0.1,0.1,0.1
7,14,30,37168,4208.065349,1.33E-10,0.000204136,3119,4206.357445,6.50E-11,0.000149267,2,5,8,0.1,0.2,0,0.108,0.1,0.1,0.1
8,14,30,57659,4148.96675,1.32E-11,2.72E-10,3697,4148.96675,1.32E-11,2.72E-10,2,5,8,0.1,0.2,0,0.108,0.1,0.1,0.1
9,14,30,43985,4082.770281,1.03E-12,2.19E-05,2261,4082.770281,1.03E-12,2.19E-05,2,5,8,0.1,0.2,0,0.108,0.1,0.1,0.1
10,14,30,50185,3925.869393,7.48E-13,2.07E-08,4712,3925.869393,7.46E-13,2.07E-08,2,5,8,0.1,0.2,0,0.108,0.1,0.1,0.1
11,14,30,67878,4199.965997,5.27E-11,1.54E-11,3872,4200.295286,4.33E-11,9.80E-12,2,5,8,0.1,0.2,0,0.108,0.1,0.1,0.1
12,14,30,46025,4216.557577,4.94E-13,0.00237954,2939,4216.557579,4.94E-13,0.002379052,2,5,8,0.1,0.2,0,0.108,0.1,0.1,0.1
13,14,30,26535,3988.628533,4.52E-09,1.53E-05,2564,3988.974131,5.13E-09,1.75E-05,2,5,8,0.1,0.2,0,0.108,0.1,0.1,0.1
14,14,30,39939,3970.774938,1.99E-11,9.82E-08,5445,3970.77494,2.00E-11,9.83E-08,2,5,8,0.1,0.2,0,0.108,0.1,0.1,0.1
15,14,30,39994,4059.032652,7.12E-12,0.001114373,3519,4059.032652,7.14E-12,0.001115075,2,5,8,0.1,0.2,0,0.108,0.1,0.1,0.1
16,14,30,23770,4088.002706,4.78E-09,3.93E-05,2223,4088.002707,4.79E-09,3.93E-05,2,5,8,0.1,0.2,0,0.108,0.1,0.1,0.1
17,14,30,36014,3946.552453,1.22E-17,3.92E-11,5396,3946.552471,1.21E-17,3.92E-11,2,5,8,0.1,0.2,0,0.108,0.1,0.1,0.1
18,14,30,71721,4092.753156,2.06E-11,2.05E-06,2308,4092.753132,2.04E-11,2.08E-06,2,5,8,0.1,0.2,0,0.108,0.1,0.1,0.1
19,14,30,29469,4100.32224,3.95E-10,5.85E-09,6580,4096.594385,1.43E-12,1.96E-09,2,5,8,0.1,0.2,0,0.108,0.1,0.1,0.1
20,14,30,35719,4130.46257,2.68E-15,6.80E-06,4893,4130.462572,2.67E-15,6.79E-06,2,5,8,0.1,0.2,0,0.108,0.1,0.1,0.1
21,14,30,32847,4135.638451,1.13E-11,1.08E-08,2494,4135.638452,1.13E-11,1.08E-08,2,5,8,0.1,0.2,0,0.108,0.1,0.1,0.1
22,14,30,53349,4073.536731,1.78E-12,1.50E-07,2169,4074.33103,3.15E-12,2.69E-07,2,5,8,0.1,0.2,0,0.108,0.1,0.1,0.1
23,14,30,60213,4084.982162,1.15E-13,1.50E-09,4954,4084.982163,1.16E-13,1.51E-09,2,5,8,0.1,0.2,0,0.108,0.1,0.1,0.1
24,14,30,34544,4132.153372,3.79E-10,2.50E-05,3168,4132.157127,3.72E-10,2.46E-05,2,5,8,0.1,0.2,0,0.108,0.1,0.1,0.1
25,14,30,29838,4084.475096,2.35E-14,3.66E-07,3546,4084.475097,2.34E-14,3.66E-07,2,5,8,0.1,0.2,0,0.108,0.1,0.1,0.1
1,16,30,37977,3872.998747,7.07E-12,7.20E-08,3454,3872.998747,7.08E-12,7.21E-08,2,5,8,0.1,0.2,0,0.108,0.1,0.1,0.1
2,16,30,70777,4144.587602,1.17E-14,1.17E-07,2796,4144.587602,1.17E-14,1.17E-07,2,5,8,0.1,0.2,0,0.108,0.1,0.1,0.1
3,16,30,53598,4135.396158,2.74E-14,1.77E-06,3807,4135.396156,2.78E-14,1.77E-06,2,5,8,0.1,0.2,0,0.108,0.1,0.1,0.1
4,16,30,23848,4160.606817,3.76E-17,4.84E-09,1394,4164.506148,1.58E-16,9.73E-10,2,5,8,0.1,0.2,0,0.108,0.1,0.1,0.1
5,16,30,48554,4208.933458,3.69E-12,4.90E-08,5343,4208.933473,3.69E-12,4.88E-08,2,5,8,0.1,0.2,0,0.108,0.1,0.1,0.1
6,16,30,51483,3998.779374,8.82E-10,1.24E-08,3720,3998.779374,8.81E-10,1.24E-08,2,5,8,0.1,0.2,0,0.108,0.1,0.1,0.1
7,16,30,23382,4191.789602,1.26E-11,6.87E-05,2869,4192.669318,2.05E-11,0.000115514,2,5,8,0.1,0.2,0,0.108,0.1,0.1,0.1
8,16,30,41729,4072.174999,5.48E-13,9.83E-05,2424,4072.245982,7.10E-13,0.000110208,2,5,8,0.1,0.2,0,0.108,0.1,0.1,0.1
9,16,30,28927,3944.948643,7.00E-13,3.84E-10,3087,3945.175416,8.65E-13,4.59E-10,2,5,8,0.1,0.2,0,0.108,0.1,0.1,0.1
10,16,30,45311,4133.155371,9.44E-13,3.84E-12,2409,4133.155305,9.40E-13,3.86E-12,2,5,8,0.1,0.2,0,0.108,0.1,0.1,0.1
11,16,30,43749,4018.732039,2.23E-13,1.74E-07,2000,4018.810646,2.38E-13,1.75E-07,2,5,8,0.1,0.2,0,0.108,0.1,0.1,0.1
12,16,30,41712,4210.469194,4.83E-11,0.020987419,2557,4203.986852,3.49E-11,0.052898158,2,5,8,0.1,0.2,0,0.108,0.1,0.1,0.1
13,16,30,26069,4078.76658,9.45E-10,8.61E-05,2036,4078.766579,9.34E-10,8.60E-05,2,5,8,0.1,0.2,0,0.108,0.1,0.1,0.1
14,16,30,45045,4013.857911,1.18E-10,0.016553895,3919,4013.857911,1.18E-10,0.016553499,2,5,8,0.1,0.2,0,0.108,0.1,0.1,0.1
15,16,30,35802,4151.529899,1.52E-10,8.99E-10,3065,4148.185701,2.88E-12,5.68E-10,2,5,8,0.1,0.2,0,0.108,0.1,0.1,0.1
16,16,30,51261,4166.955561,2.82E-11,1.89E-05,3124,4166.955561,2.82E-11,1.89E-05,2,5,8,0.1,0.2,0,0.108,0.1,0.1,0.1
17,16,30,54602,4304.894384,3.53E-13,6.03E-11,2691,4304.894384,3.51E-13,6.03E-11,2,5,8,0.1,0.2,0,0.108,0.1,0.1,0.1
18,16,30,26569,4159.745398,1.54E-13,0.060518631,2796,4159.745398,1.54E-13,0.060515259,2,5,8,0.1,0.2,0,0.108,0.1,0.1,0.1
19,16,30,42881,4052.066492,1.97E-09,4.80E-06,1908,4052.46018,1.06E-09,2.87E-06,2,5,8,0.1,0.2,0,0.108,0.1,0.1,0.1
20,16,30,29255,4151.436206,1.27E-11,2.36E-06,4304,4151.436206,1.27E-11,2.36E-06,2,5,8,0.1,0.2,0,0.108,0.1,0.1,0.1
21,16,30,65150,4125.023995,9.05E-09,1.78E-05,6930,4125.023943,9.21E-09,1.79E-05,2,5,8,0.1,0.2,0,0.108,0.1,0.1,0.1
22,16,30,39026,4261.984706,4.49E-14,9.55E-12,3595,4261.984705,4.45E-14,9.54E-12,2,5,8,0.1,0.2,0,0.108,0.1,0.1,0.1
23,16,30,43280,4118.542198,1.50E-21,4.42E-06,2237,4118.542198,1.52E-21,4.42E-06,2,5,8,0.1,0.2,0,0.108,0.1,0.1,0.1
24,16,30,38157,3953.991962,1.18E-10,0.000121614,2621,3954.10796,1.05E-10,0.000100705,2,5,8,0.1,0.2,0,0.108,0.1,0.1,0.1
25,16,30,50707,4243.750298,9.38E-13,3.25E-10,5607,4243.750299,9.38E-13,3.25E-10,2,5,8,0.1,0.2,0,0.108,0.1,0.1,0.1
1,18,30,38308,4136.187041,6.60E-14,4.25E-07,5081,4136.187042,6.59E-14,4.25E-07,2,5,8,0.1,0.2,0,0.108,0.1,0.1,0.1
2,18,30,56837,4136.977922,1.20E-13,1.91E-10,3105,4136.977895,1.20E-13,1.91E-10,2,5,8,0.1,0.2,0,0.108,0.1,0.1,0.1
3,18,30,64860,4012.878741,1.20E-10,0.000421355,2243,4012.8831,1.24E-10,0.000425899,2,5,8,0.1,0.2,0,0.108,0.1,0.1,0.1
4,18,30,64370,4141.192574,1.17E-15,7.97E-09,2584,4141.192574,1.17E-15,7.96E-09,2,5,8,0.1,0.2,0,0.108,0.1,0.1,0.1
5,18,30,61417,4094.63063,2.80E-11,0.011613803,2350,4094.63063,2.81E-11,0.011613939,2,5,8,0.1,0.2,0,0.108,0.1,0.1,0.1
6,18,30,40092,3999.035706,3.62E-14,1.47E-05,2716,3999.035706,3.62E-14,1.47E-05,2,5,8,0.1,0.2,0,0.108,0.1,0.1,0.1
7,18,30,30413,4149.656754,3.67E-10,2.28E-06,3969,4149.656756,3.64E-10,2.28E-06,2,5,8,0.1,0.2,0,0.108,0.1,0.1,0.1
8,18,30,136699,4172.520827,2.57E-13,8.19E-06,3504,4172.520828,2.57E-13,8.18E-06,2,5,8,0.1,0.2,0,0.108,0.1,0.1,0.1
9,18,30,94916,4111.849241,4.88E-13,7.58E-09,3980,4111.849242,4.90E-13,7.57E-09,2,5,8,0.1,0.2,0,0.108,0.1,0.1,0.1
10,18,30,22776,4075.673721,6.60E-16,5.02E-15,3395,4074.981279,4.98E-16,3.14E-15,2,5,8,0.1,0.2,0,0.108,0.1,0.1,0.1
11,18,30,50423,4066.080055,4.22E-13,0.007035663,3142,4066.080056,4.18E-13,0.007037717,2,5,8,0.1,0.2,0,0.108,0.1,0.1,0.1
12,18,30,41604,4049.999351,3.99E-15,0.00043317,2637,4049.999355,4.14E-15,0.000431849,2,5,8,0.1,0.2,0,0.108,0.1,0.1,0.1
13,18,30,42953,4105.414122,4.13E-13,2.69E-06,2551,4107.712689,3.13E-13,2.65E-06,2,5,8,0.1,0.2,0,0.108,0.1,0.1,0.1
14,18,30,32297,4062.367865,2.15E-11,0.002658552,2740,4062.082619,2.31E-11,0.002705599,2,5,8,0.1,0.2,0,0.108,0.1,0.1,0.1
15,18,30,27229,4135.267711,2.70E-11,0.003552113,1274,4135.489928,2.78E-11,0.004162329,2,5,8,0.1,0.2,0,0.108,0.1,0.1,0.1
16,18,30,36267,4204.677351,5.27E-11,1.36E-08,1827,4204.3422,1.26E-11,7.54E-09,2,5,8,0.1,0.2,0,0.108,0.1,0.1,0.1
17,18,30,40435,4104.243085,4.41E-10,0.47817908,2202,4105.245063,3.27E-10,0.477280381,2,5,8,0.1,0.2,0,0.108,0.1,0.1,0.1
18,18,30,28916,4186.72289,7.89E-14,0.026067176,1568,4188.325183,1.30E-14,0.023208901,2,5,8,0.1,0.2,0,0.108,0.1,0.1,0.1
19,18,30,29733,4172.729868,5.86E-15,0.004971205,3759,4172.729868,5.78E-15,0.004967192,2,5,8,0.1,0.2,0,0.108,0.1,0.1,0.1
20,18,30,44650,4056.088828,3.21E-16,1.30E-09,4245,4056.088828,3.21E-16,1.30E-09,2,5,8,0.1,0.2,0,0.108,0.1,0.1,0.1
21,18,30,29469,4048.346289,8.69E-09,0.038367421,2306,4045.37399,3.52E-10,0.029330074,2,5,8,0.1,0.2,0,0.108,0.1,0.1,0.1
22,18,30,39911,4101.186188,4.14E-14,5.83E-08,2017,4101.184773,4.13E-14,5.83E-08,2,5,8,0.1,0.2,0,0.108,0.1,0.1,0.1
23,18,30,59127,4131.795401,4.33E-10,0.014094024,3317,4131.987213,5.17E-10,0.01542661,2,5,8,0.1,0.2,0,0.108,0.1,0.1,0.1
24,18,30,28838,4180.124145,3.45E-09,1.46E-06,2269,4181.299269,2.45E-09,8.27E-07,2,5,8,0.1,0.2,0,0.108,0.1,0.1,0.1
25,18,30,29719,4117.075113,5.41E-12,0.014982375,2796,4117.075113,5.48E-12,0.014981523,2,5,8,0.1,0.2,0,0.108,0.1,0.1,0.1
1,20,30,51149,4007.497971,1.51E-11,2.54E-08,8179,4007.497977,1.48E-11,2.54E-08,2,5,8,0.1,0.2,0,0.108,0.1,0.1,0.1
2,20,30,41819,4181.86351,1.23E-12,4.70E-06,2722,4181.86351,1.23E-12,4.71E-06,2,5,8,0.1,0.2,0,0.108,0.1,0.1,0.1
3,20,30,16976,4051.30516,2.09E-12,1.42E-09,2589,4051.305187,2.09E-12,1.40E-09,2,5,8,0.1,0.2,0,0.108,0.1,0.1,0.1
4,20,30,39013,4120.059614,1.40E-10,2.04E-06,2442,4120.376624,1.19E-10,1.73E-06,2,5,8,0.1,0.2,0,0.108,0.1,0.1,0.1
5,20,30,68206,4139.168835,1.43E-10,1.25E-06,3481,4139.169058,1.86E-10,1.27E-06,2,5,8,0.1,0.2,0,0.108,0.1,0.1,0.1
6,20,30,47070,4040.102645,1.69E-14,6.61E-11,3363,4040.102645,1.69E-14,6.61E-11,2,5,8,0.1,0.2,0,0.108,0.1,0.1,0.1
7,20,30,36738,4125.992117,1.56E-11,1.77E-05,3563,4125.992008,1.75E-11,1.77E-05,2,5,8,0.1,0.2,0,0.108,0.1,0.1,0.1
8,20,30,44041,4044.292979,2.53E-13,5.46E-07,4046,4044.292927,2.53E-13,5.45E-07,2,5,8,0.1,0.2,0,0.108,0.1,0.1,0.1
9,20,30,70279,3954.228978,5.68E-20,6.05E-13,5063,3954.23136,5.52E-20,6.10E-13,2,5,8,0.1,0.2,0,0.108,0.1,0.1,0.1
10,20,30,53170,4113.636183,1.72E-10,2.00E-05,4984,4113.636183,1.73E-10,2.00E-05,2,5,8,0.1,0.2,0,0.108,0.1,0.1,0.1
11,20,30,38853,4019.403912,3.18E-12,0.000596139,3089,4019.407501,3.03E-12,0.000590881,2,5,8,0.1,0.2,0,0.108,0.1,0.1,0.1
12,20,30,31723,4159.406881,8.81E-17,1.57E-09,3677,4159.406881,8.84E-17,1.57E-09,2,5,8,0.1,0.2,0,0.108,0.1,0.1,0.1
13,20,30,25752,4038.232849,6.72E-11,2.02E-07,3576,4037.843814,5.48E-11,1.79E-07,2,5,8,0.1,0.2,0,0.108,0.1,0.1,0.1
14,20,30,33036,4087.089648,1.16E-15,2.09E-11,3444,4087.089648,1.16E-15,2.09E-11,2,5,8,0.1,0.2,0,0.108,0.1,0.1,0.1
15,20,30,36790,3990.821549,0.083702701,8.61E-12,2803,3986.214351,4.45E-13,1.88E-11,2,5,8,0.1,0.2,0,0.108,0.1,0.1,0.1
16,20,30,43494,4176.37122,1.28E-11,0.000672112,7550,4176.37132,1.29E-11,0.000670682,2,5,8,0.1,0.2,0,0.108,0.1,0.1,0.1
17,20,30,53993,4107.690544,1.51E-13,0.001981668,2026,4107.690544,1.52E-13,0.001982445,2,5,8,0.1,0.2,0,0.108,0.1,0.1,0.1
18,20,30,71342,4139.20912,2.09E-08,1.71E-10,5833,4139.753739,4.40E-06,1.53E-10,2,5,8,0.1,0.2,0,0.108,0.1,0.1,0.1
19,20,30,27748,4088.264078,2.41E-11,9.41E-06,4412,4088.263963,2.41E-11,9.37E-06,2,5,8,0.1,0.2,0,0.108,0.1,0.1,0.1
20,20,30,42773,4074.479857,1.75E-14,1.74E-14,4580,4074.479861,1.73E-14,1.73E-14,2,5,8,0.1,0.2,0,0.108,0.1,0.1,0.1
21,20,30,72807,4256.520696,1.01E-12,0.002103266,4491,4256.54221,9.59E-13,0.002062922,2,5,8,0.1,0.2,0,0.108,0.1,0.1,0.1
22,20,30,37997,4117.441047,3.98E-15,4.12E-09,2031,4117.601217,4.74E-15,4.61E-09,2,5,8,0.1,0.2,0,0.108,0.1,0.1,0.1
23,20,30,21055,4041.085673,5.15E-10,9.68E-05,2000,4042.673178,3.53E-10,7.72E-05,2,5,8,0.1,0.2,0,0.108,0.1,0.1,0.1
24,20,30,50762,4001.05965,1.49E-10,2.87E-05,1883,4001.06336,1.45E-10,2.87E-05,2,5,8,0.1,0.2,0,0.108,0.1,0.1,0.1
25,20,30,30659,4141.71698,2.15E-10,0.000202471,3636,4141.716981,2.15E-10,0.000202473,2,5,8,0.1,0.2,0,0.108,0.1,0.1,0.1
1,10,40,40048,4148.604508,7.00E-12,0.004344536,1986,4148.801001,4.15E-12,0.00349645,2,5,8,0.1,0.2,0,0.108,0.1,0.1,0.1
2,10,40,37929,4179.299404,1.75E-10,0.01180583,3324,4179.299402,1.76E-10,0.011799937,2,5,8,0.1,0.2,0,0.108,0.1,0.1,0.1
3,10,40,75239,4102.434832,1.66E-14,9.80E-06,2705,4102.434832,1.65E-14,9.80E-06,2,5,8,0.1,0.2,0,0.108,0.1,0.1,0.1
4,10,40,49747,4082.109583,2.01E-11,5.76E-07,2603,4082.109583,2.00E-11,5.76E-07,2,5,8,0.1,0.2,0,0.108,0.1,0.1,0.1
5,10,40,56586,4196.243094,3.35E-11,0.004070551,3047,4196.243132,3.34E-11,0.004069342,2,5,8,0.1,0.2,0,0.108,0.1,0.1,0.1
6,10,40,52870,3950.754405,4.80E-12,0.04373497,2626,3950.754406,4.78E-12,0.043744033,2,5,8,0.1,0.2,0,0.108,0.1,0.1,0.1
7,10,40,67569,4103.54599,4.51E-11,1.35E-07,5807,4097.05248,5.72E-12,1.15E-07,2,5,8,0.1,0.2,0,0.108,0.1,0.1,0.1
8,10,40,36973,4141.072723,1.47E-13,0.000239263,4195,4141.072722,1.47E-13,0.000239264,2,5,8,0.1,0.2,0,0.108,0.1,0.1,0.1
9,10,40,41342,4146.01255,5.44E-10,0.013989152,3765,4146.012535,5.40E-10,0.013989835,2,5,8,0.1,0.2,0,0.108,0.1,0.1,0.1
10,10,40,46015,4009.808882,1.07E-11,0.001975339,1964,4009.82268,1.04E-11,0.00193605,2,5,8,0.1,0.2,0,0.108,0.1,0.1,0.1
11,10,40,45731,4268.342704,2.48E-11,0.000836145,2806,4268.343972,2.52E-11,0.000841181,2,5,8,0.1,0.2,0,0.108,0.1,0.1,0.1
12,10,40,54666,4145.44984,8.07E-12,1.27E-07,3790,4145.44984,8.09E-12,1.27E-07,2,5,8,0.1,0.2,0,0.108,0.1,0.1,0.1
13,10,40,51164,4060.750904,2.02E-12,1.94E-08,3096,4060.750894,2.05E-12,1.94E-08,2,5,8,0.1,0.2,0,0.108,0.1,0.1,0.1
14,10,40,28930,4146.802839,5.90E-12,0.000120703,1737,4146.802826,5.94E-12,0.000120575,2,5,8,0.1,0.2,0,0.108,0.1,0.1,0.1
15,10,40,29453,3958.886432,6.54E-12,3.83E-07,3504,3958.886433,6.61E-12,3.83E-07,2,5,8,0.1,0.2,0,0.108,0.1,0.1,0.1
16,10,40,46284,4068.793388,3.69E-10,3.72E-07,3585,4068.793388,3.69E-10,3.72E-07,2,5,8,0.1,0.2,0,0.108,0.1,0.1,0.1
17,10,40,51166,4067.007939,9.40E-13,2.24E-09,3343,4067.359034,1.43E-12,3.63E-09,2,5,8,0.1,0.2,0,0.108,0.1,0.1,0.1
18,10,40,61433,4055.23037,4.33E-13,1.91E-14,2388,4055.250089,4.17E-13,1.80E-14,2,5,8,0.1,0.2,0,0.108,0.1,0.1,0.1
19,10,40,29241,4053.128896,2.76E-16,2.68E-05,1443,4053.12891,2.86E-16,2.64E-05,2,5,8,0.1,0.2,0,0.108,0.1,0.1,0.1
20,10,40,26465,4226.244046,1.31E-12,0.000484951,4036,4226.244142,1.30E-12,0.00048391,2,5,8,0.1,0.2,0,0.108,0.1,0.1,0.1
21,10,40,40269,4190.006034,1.79E-14,6.14E-06,2789,4190.006034,1.79E-14,6.14E-06,2,5,8,0.1,0.2,0,0.108,0.1,0.1,0.1
22,10,40,24734,4092.337804,3.62E-15,1.32E-05,3427,4091.115787,7.72E-15,1.18E-05,2,5,8,0.1,0.2,0,0.108,0.1,0.1,0.1
23,10,40,45139,4292.315134,7.87E-10,0.081486192,2522,4292.315156,7.87E-10,0.081354388,2,5,8,0.1,0.2,0,0.108,0.1,0.1,0.1
24,10,40,40979,4130.548881,3.64E-12,2.65E-07,3735,4130.548881,3.64E-12,2.65E-07,2,5,8,0.1,0.2,0,0.108,0.1,0.1,0.1
25,10,40,23412,4094.565519,1.71E-11,4.91E-11,4449,4094.565519,1.71E-11,4.91E-11,2,5,8,0.1,0.2,0,0.108,0.1,0.1,0.1
1,12,40,24982,4060.208067,1.07E-12,9.87E-08,7616,4060.184372,9.35E-13,9.01E-08,2,5,8,0.1,0.2,0,0.108,0.1,0.1,0.1
2,12,40,30015,4221.244086,1.08E-15,5.81E-08,3609,4221.244086,1.09E-15,5.83E-08,2,5,8,0.1,0.2,0,0.108,0.1,0.1,0.1
3,12,40,31359,4185.052294,2.84E-14,0.005227636,6666,4185.052182,2.83E-14,0.005231731,2,5,8,0.1,0.2,0,0.108,0.1,0.1,0.1
4,12,40,20178,4138.150758,1.42E-11,1.10E-06,2918,4137.984495,1.37E-11,7.86E-07,2,5,8,0.1,0.2,0,0.108,0.1,0.1,0.1
5,12,40,45427,4118.802827,3.90E-11,5.84E-08,2195,4118.806739,3.84E-11,5.78E-08,2,5,8,0.1,0.2,0,0.108,0.1,0.1,0.1
6,12,40,44599,4149.207067,6.30E-13,8.66E-07,4076,4149.207067,6.33E-13,8.66E-07,2,5,8,0.1,0.2,0,0.108,0.1,0.1,0.1
7,12,40,46960,4032.142033,9.11E-16,0.000147435,2938,4032.142035,9.17E-16,0.000147136,2,5,8,0.1,0.2,0,0.108,0.1,0.1,0.1
8,12,40,118455,4041.707677,2.66E-10,5.62E-10,2987,4041.838936,2.97E-10,7.11E-10,2,5,8,0.1,0.2,0,0.108,0.1,0.1,0.1
9,12,40,23028,4118.479118,5.39E-12,3.50E-08,1761,4118.479119,5.37E-12,3.50E-08,2,5,8,0.1,0.2,0,0.108,0.1,0.1,0.1
10,12,40,64294,4024.078926,5.97E-17,3.79E-10,2421,4024.139592,5.60E-17,3.81E-10,2,5,8,0.1,0.2,0,0.108,0.1,0.1,0.1
11,12,40,49849,4172.430023,6.64E-12,4.12E-05,5067,4172.430022,6.59E-12,4.11E-05,2,5,8,0.1,0.2,0,0.108,0.1,0.1,0.1
12,12,40,40043,4120.658414,6.92E-13,8.01E-07,2550,4120.658421,6.86E-13,8.05E-07,2,5,8,0.1,0.2,0,0.108,0.1,0.1,0.1
13,12,40,49853,3926.338572,2.16E-11,0.194235685,1948,3927.339596,6.96E-11,0.247072626,2,5,8,0.1,0.2,0,0.108,0.1,0.1,0.1
14,12,40,44681,4175.497426,8.61E-09,1.28E-08,4134,4174.937229,4.02E-09,7.75E-09,2,5,8,0.1,0.2,0,0.108,0.1,0.1,0.1
15,12,40,50372,4137.649262,7.92E-12,2.37E-14,2814,4137.649264,8.08E-12,2.38E-14,2,5,8,0.1,0.2,0,0.108,0.1,0.1,0.1
16,12,40,51905,4164.250397,8.49E-10,0.000142949,3671,4164.250397,8.45E-10,0.000142913,2,5,8,0.1,0.2,0,0.108,0.1,0.1,0.1
17,12,40,21101,4176.947013,5.37E-13,9.72E-06,2721,4178.982611,4.42E-12,2.89E-05,2,5,8,0.1,0.2,0,0.108,0.1,0.1,0.1
18,12,40,33028,4009.638562,5.42E-09,1.87E-06,3198,4009.714126,6.87E-09,2.21E-06,2,5,8,0.1,0.2,0,0.108,0.1,0.1,0.1
19,12,40,56320,4116.732984,2.92E-12,7.41E-05,3805,4116.732984,2.91E-12,7.41E-05,2,5,8,0.1,0.2,0,0.108,0.1,0.1,0.1
20,12,40,60223,4135.828962,2.22E-10,0.015084929,3579,4135.828963,2.20E-10,0.015082223,2,5,8,0.1,0.2,0,0.108,0.1,0.1,0.1
21,12,40,43814,4092.193112,5.09E-10,0.004123097,4696,4092.193115,5.06E-10,0.004123427,2,5,8,0.1,0.2,0,0.108,0.1,0.1,0.1
22,12,40,41787,4133.132576,5.69E-13,1.59E-05,5966,4133.12187,5.60E-13,1.55E-05,2,5,8,0.1,0.2,0,0.108,0.1,0.1,0.1
23,12,40,44130,4235.242256,6.76E-16,7.81E-06,2621,4235.242256,6.77E-16,7.82E-06,2,5,8,0.1,0.2,0,0.108,0.1,0.1,0.1
24,12,40,32488,4157.50715,3.66E-15,7.59E-08,2186,4158.292641,4.37E-15,5.15E-08,2,5,8,0.1,0.2,0,0.108,0.1,0.1,0.1
25,12,40,50101,4068.921358,6.79E-12,3.71E-09,5266,4068.921421,6.83E-12,3.67E-09,2,5,8,0.1,0.2,0,0.108,0.1,0.1,0.1
1,14,40,49653,4042.6321,9.02E-15,2.08E-07,2465,4042.632098,8.94E-15,2.07E-07,2,5,8,0.1,0.2,0,0.108,0.1,0.1,0.1
2,14,40,44473,4116.855478,6.59E-15,1.24E-10,2702,4116.855478,6.57E-15,1.24E-10,2,5,8,0.1,0.2,0,0.108,0.1,0.1,0.1
3,14,40,37740,4096.833447,3.51E-14,0.000204191,2210,4096.833447,3.51E-14,0.000204126,2,5,8,0.1,0.2,0,0.108,0.1,0.1,0.1
4,14,40,40682,4168.792792,1.61E-09,1.84E-07,2330,4168.794078,1.59E-09,1.83E-07,2,5,8,0.1,0.2,0,0.108,0.1,0.1,0.1
5,14,40,66761,4192.670287,5.55E-11,1.71E-10,9923,4192.810554,5.44E-11,2.35E-10,2,5,8,0.1,0.2,0,0.108,0.1,0.1,0.1
6,14,40,15566,4061.059688,0.201457508,1.87E-07,3535,4056.446378,1.01E-09,1.31E-07,2,5,8,0.1,0.2,0,0.108,0.1,0.1,0.1
7,14,40,28136,4092.001668,7.08E-13,0.001798109,1857,4092.003818,7.12E-13,0.001816777,2,5,8,0.1,0.2,0,0.108,0.1,0.1,0.1
8,14,40,25750,4030.072436,1.38E-08,0.059140215,3154,4030.279909,1.64E-08,0.068842046,2,5,8,0.1,0.2,0,0.108,0.1,0.1,0.1
9,14,40,29372,4042.682293,1.20E-11,7.98E-09,2978,4042.679264,1.35E-11,1.13E-08,2,5,8,0.1,0.2,0,0.108,0.1,0.1,0.1
10,14,40,28395,4103.683716,4.44E-13,4.54E-11,2119,4103.75016,6.57E-13,6.14E-11,2,5,8,0.1,0.2,0,0.108,0.1,0.1,0.1
11,14,40,56374,3995.635531,9.20E-15,8.67E-12,4114,3995.394954,4.76E-15,6.75E-12,2,5,8,0.1,0.2,0,0.108,0.1,0.1,0.1
12,14,40,88201,4181.856768,5.08E-11,3.35E-08,2852,4178.781286,4.05E-11,1.37E-07,2,5,8,0.1,0.2,0,0.108,0.1,0.1,0.1
13,14,40,34864,4104.319046,5.18E-12,4.18E-05,3210,4104.318875,5.14E-12,4.14E-05,2,5,8,0.1,0.2,0,0.108,0.1,0.1,0.1
14,14,40,51161,4110.031214,5.64E-11,0.212906691,1955,4110.059014,5.35E-11,0.212668721,2,5,8,0.1,0.2,0,0.108,0.1,0.1,0.1
15,14,40,39586,4120.9231,4.07E-13,2.26E-09,6273,4121.268867,4.40E-13,1.52E-09,2,5,8,0.1,0.2,0,0.108,0.1,0.1,0.1
16,14,40,58121,4040.901549,3.34E-10,1.13E-12,7361,4040.879817,3.14E-10,1.23E-12,2,5,8,0.1,0.2,0,0.108,0.1,0.1,0.1
17,14,40,34005,4133.373402,1.57E-13,0.055057487,3377,4133.373402,1.57E-13,0.054985373,2,5,8,0.1,0.2,0,0.108,0.1,0.1,0.1
18,14,40,26807,4082.445098,3.80E-15,6.41E-08,3622,4082.445101,3.73E-15,6.41E-08,2,5,8,0.1,0.2,0,0.108,0.1,0.1,0.1
19,14,40,41814,4049.158125,2.79E-14,0.000730711,2288,4049.675843,1.37E-14,0.00063414,2,5,8,0.1,0.2,0,0.108,0.1,0.1,0.1
20,14,40,74293,4048.957748,1.30E-15,0.000541981,2047,4049.687949,1.82E-15,0.000589765,2,5,8,0.1,0.2,0,0.108,0.1,0.1,0.1
21,14,40,32662,3937.370186,3.51E-14,8.17E-07,3627,3937.370203,3.36E-14,8.14E-07,2,5,8,0.1,0.2,0,0.108,0.1,0.1,0.1
22,14,40,37293,4026.814604,4.50E-15,0.013381486,2969,4026.814604,4.56E-15,0.013386059,2,5,8,0.1,0.2,0,0.108,0.1,0.1,0.1
23,14,40,42042,4014.414693,6.93E-11,5.14E-07,4019,4014.414693,6.97E-11,5.14E-07,2,5,8,0.1,0.2,0,0.108,0.1,0.1,0.1
24,14,40,28467,4067.640421,1.05E-10,0.2406214,4413,4067.640421,1.05E-10,0.240917232,2,5,8,0.1,0.2,0,0.108,0.1,0.1,0.1
25,14,40,47231,4153.564047,1.88E-10,0.037160144,8888,4153.360121,1.75E-10,0.034660669,2,5,8,0.1,0.2,0,0.108,0.1,0.1,0.1
1,16,40,30114,4050.717359,2.34E-12,1.40E-12,2032,4050.734268,2.00E-12,1.53E-12,2,5,8,0.1,0.2,0,0.108,0.1,0.1,0.1
2,16,40,91890,4169.492549,4.72E-12,8.94E-14,4420,4162.782115,7.82E-13,3.99E-13,2,5,8,0.1,0.2,0,0.108,0.1,0.1,0.1
3,16,40,67574,4126.445802,8.33E-13,2.12E-08,3222,4126.926045,3.76E-13,1.40E-08,2,5,8,0.1,0.2,0,0.108,0.1,0.1,0.1
4,16,40,30331,4230.114566,5.55E-11,5.56E-10,2111,4230.114573,5.67E-11,5.59E-10,2,5,8,0.1,0.2,0,0.108,0.1,0.1,0.1
5,16,40,34588,4022.428887,2.78E-13,0.000490113,2649,4022.734018,5.17E-13,0.0008003,2,5,8,0.1,0.2,0,0.108,0.1,0.1,0.1
6,16,40,12919,3984.128578,1.72E-15,0.000237392,2905,3984.124628,1.92E-15,0.000241575,2,5,8,0.1,0.2,0,0.108,0.1,0.1,0.1
7,16,40,36030,4126.120463,3.06E-12,0.002818638,2222,4126.120481,3.12E-12,0.002817777,2,5,8,0.1,0.2,0,0.108,0.1,0.1,0.1
8,16,40,42016,3931.987443,9.10E-15,5.01E-06,3015,3931.987443,9.08E-15,5.01E-06,2,5,8,0.1,0.2,0,0.108,0.1,0.1,0.1
9,16,40,47737,4050.688006,9.61E-12,4.01E-11,3281,4050.688006,9.57E-12,4.01E-11,2,5,8,0.1,0.2,0,0.108,0.1,0.1,0.1
10,16,40,43728,4049.661059,3.35E-12,2.67E-08,2900,4043.987639,4.61E-13,1.48E-08,2,5,8,0.1,0.2,0,0.108,0.1,0.1,0.1
11,16,40,39633,4186.893333,6.17E-14,0.000199343,3429,4186.893647,6.11E-14,0.000199851,2,5,8,0.1,0.2,0,0.108,0.1,0.1,0.1
12,16,40,39790,4077.944754,1.80E-12,1.30E-07,2819,4075.864378,2.80E-12,1.23E-07,2,5,8,0.1,0.2,0,0.108,0.1,0.1,0.1
13,16,40,48571,4165.578686,1.00E-13,0.000146685,2887,4165.578686,9.99E-14,0.00014665,2,5,8,0.1,0.2,0,0.108,0.1,0.1,0.1
14,16,40,23681,3933.458876,9.43E-08,0.001099102,4276,3930.361809,2.62E-11,2.46E-05,2,5,8,0.1,0.2,0,0.108,0.1,0.1,0.1
15,16,40,41061,4067.257524,4.90E-11,6.40E-06,2249,4068.773282,8.08E-11,9.14E-06,2,5,8,0.1,0.2,0,0.108,0.1,0.1,0.1
16,16,40,99747,4095.678264,9.61E-10,3.54E-11,13078,4095.684368,1.24E-09,3.73E-11,2,5,8,0.1,0.2,0,0.108,0.1,0.1,0.1
17,16,40,46168,4129.550948,3.74E-12,6.05E-05,2658,4129.657118,3.81E-12,5.98E-05,2,5,8,0.1,0.2,0,0.108,0.1,0.1,0.1
18,16,40,51333,4120.903617,2.08E-13,2.90E-13,1963,4121.061922,1.50E-13,2.17E-13,2,5,8,0.1,0.2,0,0.108,0.1,0.1,0.1
19,16,40,61866,4043.729923,8.33E-16,1.88E-05,1919,4043.729922,8.26E-16,1.88E-05,2,5,8,0.1,0.2,0,0.108,0.1,0.1,0.1
20,16,40,42045,4064.091033,1.74E-15,4.37E-09,2633,4064.091045,1.69E-15,4.38E-09,2,5,8,0.1,0.2,0,0.108,0.1,0.1,0.1
21,16,40,57491,4174.064506,6.15E-13,1.93E-09,4633,4174.064507,6.09E-13,1.93E-09,2,5,8,0.1,0.2,0,0.108,0.1,0.1,0.1
22,16,40,37912,4054.991772,2.36E-11,0.001558476,5286,4055.260907,2.69E-11,0.001871754,2,5,8,0.1,0.2,0,0.108,0.1,0.1,0.1
23,16,40,42791,4173.353875,7.42E-10,0.190163718,3428,4173.353875,7.41E-10,0.190161918,2,5,8,0.1,0.2,0,0.108,0.1,0.1,0.1
24,16,40,22354,4153.947909,7.05E-13,6.51E-10,3323,4152.028357,9.74E-13,8.60E-10,2,5,8,0.1,0.2,0,0.108,0.1,0.1,0.1
25,16,40,28813,3944.809709,9.52E-13,1.91E-06,2169,3944.880468,8.49E-13,2.03E-06,2,5,8,0.1,0.2,0,0.108,0.1,0.1,0.1
1,18,40,34154,4122.673552,4.56E-15,9.76E-07,3139,4122.673358,4.50E-15,9.83E-07,2,5,8,0.1,0.2,0,0.108,0.1,0.1,0.1
2,18,40,34519,4234.584586,1.07E-14,2.68E-07,7497,4234.584588,1.07E-14,2.68E-07,2,5,8,0.1,0.2,0,0.108,0.1,0.1,0.1
3,18,40,20401,4072.317055,0.128576667,0.000100303,3190,4065.312634,1.41E-15,8.04E-05,2,5,8,0.1,0.2,0,0.108,0.1,0.1,0.1
4,18,40,25958,3937.031969,1.51E-12,8.78E-06,2280,3937.482196,1.79E-12,9.07E-06,2,5,8,0.1,0.2,0,0.108,0.1,0.1,0.1
5,18,40,49469,4151.643069,3.11E-09,3.75E-09,8416,4151.643076,3.12E-09,3.76E-09,2,5,8,0.1,0.2,0,0.108,0.1,0.1,0.1
6,18,40,37768,4064.260022,1.35E-13,0.205412911,2011,4064.260022,1.35E-13,0.205363804,2,5,8,0.1,0.2,0,0.108,0.1,0.1,0.1
7,18,40,54332,4091.641988,9.23E-13,1.79E-06,2003,4091.943256,9.06E-13,1.90E-06,2,5,8,0.1,0.2,0,0.108,0.1,0.1,0.1
8,18,40,27878,4085.149299,1.35E-11,0.000886233,4394,4085.149299,1.34E-11,0.000886588,2,5,8,0.1,0.2,0,0.108,0.1,0.1,0.1
9,18,40,42243,3919.565638,4.57E-15,7.27E-09,6610,3919.542916,5.48E-15,7.86E-09,2,5,8,0.1,0.2,0,0.108,0.1,0.1,0.1
10,18,40,50771,4191.777523,3.80E-12,1.13E-08,2085,4191.777523,3.78E-12,1.13E-08,2,5,8,0.1,0.2,0,0.108,0.1,0.1,0.1
11,18,40,51703,4156.95565,6.15E-13,2.66E-09,3272,4157.115226,6.59E-13,2.83E-09,2,5,8,0.1,0.2,0,0.108,0.1,0.1,0.1
12,18,40,39931,4031.465442,2.31E-12,2.88E-06,5022,4031.416515,2.58E-12,2.72E-06,2,5,8,0.1,0.2,0,0.108,0.1,0.1,0.1
13,18,40,64895,4158.50445,1.17E-13,0.025954307,2484,4158.504451,1.20E-13,0.025966045,2,5,8,0.1,0.2,0,0.108,0.1,0.1,0.1
14,18,40,78177,4083.867177,1.51E-12,0.000172223,8644,4083.867143,1.48E-12,0.000170942,2,5,8,0.1,0.2,0,0.108,0.1,0.1,0.1
15,18,40,107482,3997.400057,2.79E-12,0.008196973,1843,3997.400058,2.84E-12,0.008188513,2,5,8,0.1,0.2,0,0.108,0.1,0.1,0.1
16,18,40,49410,4005.315679,1.47E-15,7.99E-12,2548,4005.342759,1.78E-15,9.04E-12,2,5,8,0.1,0.2,0,0.108,0.1,0.1,0.1
17,18,40,42861,4146.978855,1.66E-09,9.35E-11,4031,4148.037042,8.22E-10,2.94E-11,2,5,8,0.1,0.2,0,0.108,0.1,0.1,0.1
18,18,40,26319,4176.129689,3.09E-10,0.000941357,7189,4176.124395,2.87E-10,0.000949895,2,5,8,0.1,0.2,0,0.108,0.1,0.1,0.1
19,18,40,30369,4106.940953,4.85E-16,1.60E-05,1795,4106.940955,4.76E-16,1.59E-05,2,5,8,0.1,0.2,0,0.108,0.1,0.1,0.1
20,18,40,65571,4162.056432,4.24E-13,2.93E-08,2001,4162.056705,4.30E-13,2.95E-08,2,5,8,0.1,0.2,0,0.108,0.1,0.1,0.1
21,18,40,80518,4004.924777,2.84E-14,2.28E-09,3456,4004.924776,2.84E-14,2.28E-09,2,5,8,0.1,0.2,0,0.108,0.1,0.1,0.1
22,18,40,22843,4230.423379,1.89E-10,2.16E-06,4422,4230.423379,1.89E-10,2.16E-06,2,5,8,0.1,0.2,0,0.108,0.1,0.1,0.1
23,18,40,22308,3931.315467,5.00E-11,2.98E-08,2799,3931.028771,2.91E-11,1.13E-08,2,5,8,0.1,0.2,0,0.108,0.1,0.1,0.1
24,18,40,38236,4147.348513,1.47E-11,0.001223008,1798,4147.422211,1.48E-11,0.001199932,2,5,8,0.1,0.2,0,0.108,0.1,0.1,0.1
25,18,40,52434,4068.740532,9.07E-11,2.77E-06,2671,4068.740532,9.07E-11,2.77E-06,2,5,8,0.1,0.2,0,0.108,0.1,0.1,0.1
1,20,40,50777,3921.657613,8.59E-14,6.21E-13,3640,3922.327859,1.00E-13,8.20E-13,2,5,8,0.1,0.2,0,0.108,0.1,0.1,0.1
2,20,40,36844,4099.74955,3.09E-11,4.64E-08,2273,4100.092847,3.77E-11,6.34E-08,2,5,8,0.1,0.2,0,0.108,0.1,0.1,0.1
3,20,40,40202,4135.672289,8.39E-09,0.072417737,2717,4135.67229,8.35E-09,0.07240325,2,5,8,0.1,0.2,0,0.108,0.1,0.1,0.1
4,20,40,23962,4102.659539,1.64E-09,0.07629111,2889,4102.659539,1.64E-09,0.076314818,2,5,8,0.1,0.2,0,0.108,0.1,0.1,0.1
5,20,40,64774,4155.318641,1.21E-10,6.63E-06,5602,4155.318643,1.22E-10,6.63E-06,2,5,8,0.1,0.2,0,0.108,0.1,0.1,0.1
6,20,40,44224,4144.894801,4.88E-13,5.20E-13,4240,4144.894801,4.85E-13,5.19E-13,2,5,8,0.1,0.2,0,0.108,0.1,0.1,0.1
7,20,40,38129,4062.203428,4.59E-18,1.83E-06,2991,4062.203428,4.56E-18,1.83E-06,2,5,8,0.1,0.2,0,0.108,0.1,0.1,0.1
8,20,40,45233,4066.526176,6.52E-13,4.24E-06,3355,4066.526176,6.54E-13,4.24E-06,2,5,8,0.1,0.2,0,0.108,0.1,0.1,0.1
9,20,40,30841,4117.590283,5.51E-12,5.04E-06,4486,4117.488136,6.81E-12,5.44E-06,2,5,8,0.1,0.2,0,0.108,0.1,0.1,0.1
10,20,40,40982,4137.280268,2.90E-10,2.22E-05,2795,4137.561573,2.91E-10,2.67E-05,2,5,8,0.1,0.2,0,0.108,0.1,0.1,0.1
11,20,40,42422,4048.164978,3.45E-15,2.33E-06,3073,4048.164979,3.48E-15,2.34E-06,2,5,8,0.1,0.2,0,0.108,0.1,0.1,0.1
12,20,40,66898,4015.340742,4.79E-16,1.52E-09,7298,4015.340754,4.82E-16,1.52E-09,2,5,8,0.1,0.2,0,0.108,0.1,0.1,0.1
13,20,40,28658,4263.145086,4.52E-12,1.97E-06,3205,4263.145086,4.54E-12,1.97E-06,2,5,8,0.1,0.2,0,0.108,0.1,0.1,0.1
14,20,40,25524,4190.539394,3.64E-12,9.41E-05,2080,4190.561458,3.63E-12,9.23E-05,2,5,8,0.1,0.2,0,0.108,0.1,0.1,0.1
15,20,40,49715,4209.196817,4.10E-15,3.84E-09,5227,4209.142907,3.53E-15,3.60E-09,2,5,8,0.1,0.2,0,0.108,0.1,0.1,0.1
16,20,40,42087,4084.264881,8.52E-17,0.00024211,2063,4084.661184,8.99E-17,0.00022973,2,5,8,0.1,0.2,0,0.108,0.1,0.1,0.1
17,20,40,35785,4082.442436,9.56E-14,0.00247998,3202,4082.442393,9.45E-14,0.002478647,2,5,8,0.1,0.2,0,0.108,0.1,0.1,0.1
18,20,40,51087,4004.2671,2.31E-10,0.016791,3390,4006.380462,1.16E-10,0.01400242,2,5,8,0.1,0.2,0,0.108,0.1,0.1,0.1
19,20,40,51616,4085.397929,1.47E-13,1.19E-06,3687,4085.397936,1.47E-13,1.19E-06,2,5,8,0.1,0.2,0,0.108,0.1,0.1,0.1
20,20,40,36881,4182.830985,2.39E-11,0.005723859,6609,4182.825746,2.28E-11,0.005693425,2,5,8,0.1,0.2,0,0.108,0.1,0.1,0.1
21,20,40,21939,4156.26102,3.64E-17,5.77E-14,2967,4156.42324,5.38E-17,7.15E-14,2,5,8,0.1,0.2,0,0.108,0.1,0.1,0.1
22,20,40,44879,4129.577351,3.90E-16,5.64E-07,3688,4129.577351,3.89E-16,5.63E-07,2,5,8,0.1,0.2,0,0.108,0.1,0.1,0.1
23,20,40,44638,4128.350417,5.60E-12,5.21E-07,1591,4128.98777,3.51E-12,3.98E-07,2,5,8,0.1,0.2,0,0.108,0.1,0.1,0.1
24,20,40,28572,4132.678945,0.0864254,1.14E-06,4252,4126.082176,1.25E-09,5.71E-07,2,5,8,0.1,0.2,0,0.108,0.1,0.1,0.1
25,20,40,49284,3923.728807,1.72E-12,2.78E-07,4058,3923.728807,1.72E-12,2.78E-07,2,5,8,0.1,0.2,0,0.108,0.1,0.1,0.1
1,10,50,48418,4058.893757,2.69E-10,0.017887447,2657,4058.935816,2.46E-10,0.01748673,2,5,8,0.1,0.2,0,0.108,0.1,0.1,0.1
2,10,50,61994,4144.051675,7.53E-11,0.046542955,1576,4144.844734,3.37E-11,0.040148669,2,5,8,0.1,0.2,0,0.108,0.1,0.1,0.1
3,10,50,55386,4268.818512,6.58E-12,0.001628253,3519,4268.777359,6.22E-12,0.002075015,2,5,8,0.1,0.2,0,0.108,0.1,0.1,0.1
4,10,50,36049,4109.434155,9.40E-14,9.51E-11,3280,4109.434155,9.40E-14,9.51E-11,2,5,8,0.1,0.2,0,0.108,0.1,0.1,0.1
5,10,50,53988,4162.110787,1.07E-11,0.000842676,2081,4162.905363,1.72E-11,0.001194954,2,5,8,0.1,0.2,0,0.108,0.1,0.1,0.1
6,10,50,35166,3971.934599,1.53E-13,8.83E-10,3538,3971.92841,1.48E-13,8.77E-10,2,5,8,0.1,0.2,0,0.108,0.1,0.1,0.1
7,10,50,35219,4117.665803,1.40E-12,1.49E-08,2818,4117.665757,1.42E-12,1.49E-08,2,5,8,0.1,0.2,0,0.108,0.1,0.1,0.1
8,10,50,71374,4189.576957,4.12E-12,4.99E-10,6070,4189.576967,4.09E-12,4.99E-10,2,5,8,0.1,0.2,0,0.108,0.1,0.1,0.1
9,10,50,61093,4155.920108,7.51E-12,3.46E-13,4199,4155.920108,7.55E-12,3.46E-13,2,5,8,0.1,0.2,0,0.108,0.1,0.1,0.1
10,10,50,56143,3995.571761,1.74E-13,1.69E-06,1739,3996.408007,3.75E-13,2.59E-06,2,5,8,0.1,0.2,0,0.108,0.1,0.1,0.1
11,10,50,32725,4063.912248,1.69E-15,3.47E-05,1785,4063.916427,1.81E-15,3.56E-05,2,5,8,0.1,0.2,0,0.108,0.1,0.1,0.1
12,10,50,35037,4096.202092,1.98E-13,0.00189473,2870,4096.222698,1.97E-13,0.001884908,2,5,8,0.1,0.2,0,0.108,0.1,0.1,0.1
13,10,50,41269,4036.902055,3.28E-15,1.72E-08,3189,4036.902055,3.27E-15,1.73E-08,2,5,8,0.1,0.2,0,0.108,0.1,0.1,0.1
14,10,50,48584,4074.731509,3.22E-11,0.001813317,2391,4074.733872,3.24E-11,0.001824313,2,5,8,0.1,0.2,0,0.108,0.1,0.1,0.1
15,10,50,42803,4122.805772,3.44E-14,1.82E-08,2434,4124.090158,3.44E-14,1.33E-08,2,5,8,0.1,0.2,0,0.108,0.1,0.1,0.1
16,10,50,44315,4070.786672,4.48E-11,3.10E-08,4910,4070.786675,4.50E-11,3.09E-08,2,5,8,0.1,0.2,0,0.108,0.1,0.1,0.1
17,10,50,81113,4166.550039,1.15E-10,0.000237061,3845,4166.55004,1.13E-10,0.000237201,2,5,8,0.1,0.2,0,0.108,0.1,0.1,0.1
18,10,50,42246,4236.318242,2.61E-11,0.00069833,2803,4236.945777,4.81E-11,0.000908538,2,5,8,0.1,0.2,0,0.108,0.1,0.1,0.1
19,10,50,37062,3935.196444,7.65E-12,0.001107832,2999,3935.196443,7.64E-12,0.001105906,2,5,8,0.1,0.2,0,0.108,0.1,0.1,0.1
20,10,50,44009,4227.023968,1.25E-09,0.000476696,2122,4227.02397,1.25E-09,0.000477234,2,5,8,0.1,0.2,0,0.108,0.1,0.1,0.1
21,10,50,17124,4111.687827,1.60E-14,1.57E-06,3575,4111.436861,6.71E-15,1.00E-06,2,5,8,0.1,0.2,0,0.108,0.1,0.1,0.1
22,10,50,54548,4097.43964,9.14E-10,1.06E-10,3181,4097.887954,5.47E-10,7.08E-11,2,5,8,0.1,0.2,0,0.108,0.1,0.1,0.1
23,10,50,25190,4104.059867,7.98E-12,0.105428086,3763,4104.059868,8.03E-12,0.105328014,2,5,8,0.1,0.2,0,0.108,0.1,0.1,0.1
24,10,50,47094,4168.941443,2.80E-11,5.37E-08,1971,4168.944096,2.73E-11,5.38E-08,2,5,8,0.1,0.2,0,0.108,0.1,0.1,0.1
25,10,50,27594,4147.268488,4.39E-14,2.94E-05,1934,4147.369834,5.38E-14,2.98E-05,2,5,8,0.1,0.2,0,0.108,0.1,0.1,0.1
1,12,50,54229,4123.617051,1.95E-10,3.52E-05,2142,4125.137451,2.11E-10,3.01E-05,2,5,8,0.1,0.2,0,0.108,0.1,0.1,0.1
2,12,50,50164,3987.202041,6.06E-13,4.33E-14,4798,3987.202042,6.12E-13,4.33E-14,2,5,8,0.1,0.2,0,0.108,0.1,0.1,0.1
3,12,50,39391,4169.059283,1.32E-10,0.000629419,2932,4168.832403,1.54E-10,0.000603824,2,5,8,0.1,0.2,0,0.108,0.1,0.1,0.1
4,12,50,43988,4136.43065,2.70E-12,9.92E-05,2739,4136.430642,2.71E-12,9.92E-05,2,5,8,0.1,0.2,0,0.108,0.1,0.1,0.1
5,12,50,67008,4161.884078,1.91E-18,2.13E-09,1762,4162.989637,8.42E-18,2.62E-09,2,5,8,0.1,0.2,0,0.108,0.1,0.1,0.1
6,12,50,68372,4198.799405,3.32E-13,3.55E-06,2376,4199.126539,2.41E-13,2.94E-06,2,5,8,0.1,0.2,0,0.108,0.1,0.1,0.1
7,12,50,32023,4224.661849,3.19E-14,1.81E-05,3649,4224.661851,3.30E-14,1.81E-05,2,5,8,0.1,0.2,0,0.108,0.1,0.1,0.1
8,12,50,53586,4113.060593,4.01E-19,3.16E-07,6804,4113.060589,4.03E-19,3.16E-07,2,5,8,0.1,0.2,0,0.108,0.1,0.1,0.1
9,12,50,77072,4051.130924,2.53E-11,1.22E-09,9137,4051.043916,2.73E-11,1.29E-09,2,5,8,0.1,0.2,0,0.108,0.1,0.1,0.1
10,12,50,33126,4062.317331,1.86E-11,0.001263735,7203,4062.312753,1.80E-11,0.001262295,2,5,8,0.1,0.2,0,0.108,0.1,0.1,0.1
11,12,50,42791,4126.097912,9.06E-11,3.79E-07,3559,4126.097913,8.98E-11,3.79E-07,2,5,8,0.1,0.2,0,0.108,0.1,0.1,0.1
12,12,50,36430,4095.990639,2.76E-10,5.05E-09,4161,4095.99064,2.76E-10,5.05E-09,2,5,8,0.1,0.2,0,0.108,0.1,0.1,0.1
13,12,50,44349,4218.628027,9.94E-10,0.162953129,4252,4218.628032,1.03E-09,0.162990406,2,5,8,0.1,0.2,0,0.108,0.1,0.1,0.1
14,12,50,51879,4148.545084,2.81E-09,4.43E-05,2617,4148.545081,2.84E-09,4.42E-05,2,5,8,0.1,0.2,0,0.108,0.1,0.1,0.1
15,12,50,50253,3949.007436,2.31E-12,2.44E-08,3257,3949.007437,2.31E-12,2.45E-08,2,5,8,0.1,0.2,0,0.108,0.1,0.1,0.1
16,12,50,51380,4208.717788,2.61E-14,3.35E-08,3254,4209.043558,2.89E-14,3.54E-08,2,5,8,0.1,0.2,0,0.108,0.1,0.1,0.1
17,12,50,47906,4158.918789,2.93E-18,8.06E-09,3574,4158.918789,2.95E-18,8.06E-09,2,5,8,0.1,0.2,0,0.108,0.1,0.1,0.1
18,12,50,41096,4177.934592,6.68E-10,0.003992662,5076,4177.934593,6.68E-10,0.00399428,2,5,8,0.1,0.2,0,0.108,0.1,0.1,0.1
19,12,50,83951,4054.229405,1.11E-10,1.56E-08,2818,4053.649143,1.16E-10,2.30E-08,2,5,8,0.1,0.2,0,0.108,0.1,0.1,0.1
20,12,50,45020,4102.399488,2.86E-13,3.37E-08,2525,4102.399488,2.88E-13,3.37E-08,2,5,8,0.1,0.2,0,0.108,0.1,0.1,0.1
21,12,50,55211,3934.96147,8.24E-11,0.002632959,1585,3935.231779,1.03E-10,0.003019466,2,5,8,0.1,0.2,0,0.108,0.1,0.1,0.1
22,12,50,33678,4074.047727,1.40E-09,4.66E-05,3218,4074.047728,1.40E-09,4.66E-05,2,5,8,0.1,0.2,0,0.108,0.1,0.1,0.1
23,12,50,48370,4127.769366,1.17E-10,0.001158493,3466,4127.769366,1.17E-10,0.001159148,2,5,8,0.1,0.2,0,0.108,0.1,0.1,0.1
24,12,50,48125,4088.777806,5.18E-12,5.77E-10,5063,4088.777821,5.09E-12,5.78E-10,2,5,8,0.1,0.2,0,0.108,0.1,0.1,0.1
25,12,50,46893,4148.111694,1.42E-11,4.54E-05,3711,4148.111695,1.42E-11,4.55E-05,2,5,8,0.1,0.2,0,0.108,0.1,0.1,0.1
1,14,50,101878,4082.519224,3.64E-13,0.035412888,11317,4082.519224,3.63E-13,0.035439892,2,5,8,0.1,0.2,0,0.108,0.1,0.1,0.1
2,14,50,28034,3968.968149,3.75E-12,5.51E-09,2858,3968.968149,3.74E-12,5.51E-09,2,5,8,0.1,0.2,0,0.108,0.1,0.1,0.1
3,14,50,60627,4057.976438,3.71E-12,9.53E-10,5762,4057.976438,3.69E-12,9.52E-10,2,5,8,0.1,0.2,0,0.108,0.1,0.1,0.1
4,14,50,29900,4030.6666,2.83E-13,1.19E-05,3393,4030.666202,2.94E-13,1.20E-05,2,5,8,0.1,0.2,0,0.108,0.1,0.1,0.1
5,14,50,37234,4137.912571,5.00E-15,0.00453627,4828,4137.913011,6.07E-15,0.004525059,2,5,8,0.1,0.2,0,0.108,0.1,0.1,0.1
6,14,50,32674,4244.242203,1.32E-10,0.000130468,2950,4243.023257,9.25E-11,0.000132924,2,5,8,0.1,0.2,0,0.108,0.1,0.1,0.1
7,14,50,61953,4105.372345,8.24E-11,2.33E-07,11447,4105.003131,1.34E-11,2.46E-07,2,5,8,0.1,0.2,0,0.108,0.1,0.1,0.1
8,14,50,47741,4120.135451,2.45E-09,0.000334561,2687,4120.22315,2.17E-09,0.000309078,2,5,8,0.1,0.2,0,0.108,0.1,0.1,0.1
9,14,50,84532,4149.744176,3.11E-09,4.78E-06,2759,4150.054955,2.42E-09,4.22E-06,2,5,8,0.1,0.2,0,0.108,0.1,0.1,0.1
10,14,50,27937,4133.352031,7.44E-12,1.26E-08,3934,4133.352036,7.47E-12,1.25E-08,2,5,8,0.1,0.2,0,0.108,0.1,0.1,0.1
11,14,50,78569,4225.320089,3.21E-13,2.26E-12,7202,4225.32009,3.16E-13,2.25E-12,2,5,8,0.1,0.2,0,0.108,0.1,0.1,0.1
12,14,50,30395,4032.980548,1.55E-11,7.10E-10,2109,4033.907337,2.51E-11,1.53E-09,2,5,8,0.1,0.2,0,0.108,0.1,0.1,0.1
13,14,50,62004,3909.834132,3.43E-10,4.58E-06,7506,3909.834139,3.43E-10,4.57E-06,2,5,8,0.1,0.2,0,0.108,0.1,0.1,0.1
14,14,50,38182,4033.164668,2.96E-19,7.15E-10,2015,4033.359342,2.72E-19,5.92E-10,2,5,8,0.1,0.2,0,0.108,0.1,0.1,0.1
15,14,50,45539,4069.356023,7.35E-12,0.001921495,3160,4069.356024,7.37E-12,0.001923709,2,5,8,0.1,0.2,0,0.108,0.1,0.1,0.1
16,14,50,57522,4177.090545,9.08E-17,0.000152818,2859,4177.090546,9.24E-17,0.000153068,2,5,8,0.1,0.2,0,0.108,0.1,0.1,0.1
17,14,50,34801,4277.461543,8.89E-11,5.98E-07,5496,4277.461548,8.92E-11,5.97E-07,2,5,8,0.1,0.2,0,0.108,0.1,0.1,0.1
18,14,50,66768,4205.595836,1.14E-12,1.50E-05,1617,4205.631597,8.38E-13,1.28E-05,2,5,8,0.1,0.2,0,0.108,0.1,0.1,0.1
19,14,50,27971,3954.138031,5.36E-11,0.02088977,5497,3954.735173,1.28E-10,0.023831078,2,5,8,0.1,0.2,0,0.108,0.1,0.1,0.1
20,14,50,79982,3966.861787,1.60E-11,7.66E-08,1997,3966.98123,2.54E-11,9.76E-08,2,5,8,0.1,0.2,0,0.108,0.1,0.1,0.1
21,14,50,39034,4046.843012,2.97E-16,0.005294091,2015,4046.711616,2.64E-16,0.005585036,2,5,8,0.1,0.2,0,0.108,0.1,0.1,0.1
22,14,50,64912,4091.958245,8.62E-12,1.41E-07,2260,4092.499059,1.17E-11,2.00E-07,2,5,8,0.1,0.2,0,0.108,0.1,0.1,0.1
23,14,50,61546,4291.039544,1.99E-12,0.000345616,2454,4291.088908,1.61E-12,0.000325887,2,5,8,0.1,0.2,0,0.108,0.1,0.1,0.1
24,14,50,41846,4143.669724,1.29E-14,5.98E-05,2088,4143.698193,1.30E-14,5.98E-05,2,5,8,0.1,0.2,0,0.108,0.1,0.1,0.1
25,14,50,47350,4010.760162,3.87E-14,3.91E-09,3298,4010.760162,3.86E-14,3.91E-09,2,5,8,0.1,0.2,0,0.108,0.1,0.1,0.1
1,16,50,25633,4094.22011,9.53E-12,1.40E-08,1671,4094.304508,9.65E-12,1.39E-08,2,5,8,0.1,0.2,0,0.108,0.1,0.1,0.1
2,16,50,75527,4270.514848,2.39E-12,3.06E-15,2806,4270.605123,1.68E-12,2.03E-15,2,5,8,0.1,0.2,0,0.108,0.1,0.1,0.1
3,16,50,45975,4073.266996,7.19E-13,1.52E-08,2198,4073.21899,7.26E-13,1.54E-08,2,5,8,0.1,0.2,0,0.108,0.1,0.1,0.1
4,16,50,50422,4092.285874,2.81E-13,1.74E-12,3333,4092.285875,2.81E-13,1.75E-12,2,5,8,0.1,0.2,0,0.108,0.1,0.1,0.1
5,16,50,56056,4122.360395,8.66E-11,1.80E-07,3751,4122.360398,8.66E-11,1.81E-07,2,5,8,0.1,0.2,0,0.108,0.1,0.1,0.1
6,16,50,47348,4272.43132,3.84E-13,6.74E-09,3182,4272.431317,3.76E-13,6.76E-09,2,5,8,0.1,0.2,0,0.108,0.1,0.1,0.1
7,16,50,64554,4088.923349,3.41E-16,2.35E-08,1530,4089.042627,7.01E-16,3.03E-08,2,5,8,0.1,0.2,0,0.108,0.1,0.1,0.1
8,16,50,61430,4177.86714,2.36E-13,3.31E-08,4246,4177.867109,2.36E-13,3.28E-08,2,5,8,0.1,0.2,0,0.108,0.1,0.1,0.1
9,16,50,94345,4079.362488,2.05E-12,4.78E-07,2160,4079.989804,1.65E-12,3.84E-07,2,5,8,0.1,0.2,0,0.108,0.1,0.1,0.1
10,16,50,40136,4120.650087,1.97E-11,2.30E-12,2733,4120.723624,2.11E-11,2.67E-12,2,5,8,0.1,0.2,0,0.108,0.1,0.1,0.1
11,16,50,89650,4168.742171,1.42E-12,3.61E-06,3308,4168.834099,1.46E-12,3.49E-06,2,5,8,0.1,0.2,0,0.108,0.1,0.1,0.1
12,16,50,41464,3918.075177,1.15E-14,0.000132717,1910,3918.760763,1.02E-14,0.000156295,2,5,8,0.1,0.2,0,0.108,0.1,0.1,0.1
13,16,50,40533,4058.953133,4.47E-10,0.000725251,5458,4058.44137,1.15E-10,0.00024973,2,5,8,0.1,0.2,0,0.108,0.1,0.1,0.1
14,16,50,37742,4067.593573,2.51E-11,3.68E-05,1687,4067.593574,2.51E-11,3.68E-05,2,5,8,0.1,0.2,0,0.108,0.1,0.1,0.1
15,16,50,38322,4065.076268,8.49E-14,6.83E-07,1868,4065.811616,9.09E-14,6.75E-07,2,5,8,0.1,0.2,0,0.108,0.1,0.1,0.1
16,16,50,59087,3809.498806,1.23E-13,3.18E-10,2156,3809.636161,1.07E-13,2.87E-10,2,5,8,0.1,0.2,0,0.108,0.1,0.1,0.1
17,16,50,43562,4140.795736,1.28E-13,8.61E-07,3625,4140.795738,1.26E-13,8.62E-07,2,5,8,0.1,0.2,0,0.108,0.1,0.1,0.1
18,16,50,80479,3946.436723,9.24E-12,0.000130164,3083,3946.60737,1.17E-11,0.000137699,2,5,8,0.1,0.2,0,0.108,0.1,0.1,0.1
19,16,50,73193,3932.431302,4.47E-13,1.30E-08,2059,3932.799918,4.33E-13,1.30E-08,2,5,8,0.1,0.2,0,0.108,0.1,0.1,0.1
20,16,50,59266,4230.130182,1.10E-13,1.74E-06,6165,4230.053548,1.21E-13,1.80E-06,2,5,8,0.1,0.2,0,0.108,0.1,0.1,0.1
21,16,50,34539,4074.134521,2.09E-15,0.046044895,3331,4074.134524,2.15E-15,0.045941643,2,5,8,0.1,0.2,0,0.108,0.1,0.1,0.1
22,16,50,66815,4283.920812,1.28E-12,6.96E-08,2825,4283.920812,1.28E-12,6.96E-08,2,5,8,0.1,0.2,0,0.108,0.1,0.1,0.1
23,16,50,46698,4006.792219,1.62E-16,6.77E-11,1475,4007.023771,1.61E-16,8.01E-11,2,5,8,0.1,0.2,0,0.108,0.1,0.1,0.1
24,16,50,36849,4083.533758,8.08E-11,9.08E-09,1943,4084.187987,7.46E-11,7.94E-09,2,5,8,0.1,0.2,0,0.108,0.1,0.1,0.1
25,16,50,58209,4307.471802,4.79E-14,1.73E-10,4116,4307.471803,4.81E-14,1.73E-10,2,5,8,0.1,0.2,0,0.108,0.1,0.1,0.1
1,18,50,60265,4202.8923,6.11E-10,4.31E-05,2264,4203.313674,6.22E-10,4.89E-05,2,5,8,0.1,0.2,0,0.108,0.1,0.1,0.1
2,18,50,129393,4139.208903,6.76E-12,3.83E-09,4687,4136.390425,4.44E-15,2.07E-10,2,5,8,0.1,0.2,0,0.108,0.1,0.1,0.1
3,18,50,36902,4129.921197,5.73E-13,0.000314247,2186,4130.32032,8.51E-13,0.00037975,2,5,8,0.1,0.2,0,0.108,0.1,0.1,0.1
4,18,50,73838,4178.377838,2.96E-19,4.61E-12,2297,4178.37143,2.40E-19,4.70E-12,2,5,8,0.1,0.2,0,0.108,0.1,0.1,0.1
5,18,50,47944,4154.633998,3.95E-12,0.038696443,3077,4154.602561,3.68E-12,0.039885817,2,5,8,0.1,0.2,0,0.108,0.1,0.1,0.1
6,18,50,40535,4203.32449,0.622629203,3.63E-11,2106,4193.767263,2.03E-14,3.82E-11,2,5,8,0.1,0.2,0,0.108,0.1,0.1,0.1
7,18,50,76704,4007.625453,1.17E-11,6.43E-07,3285,4007.67131,1.36E-11,7.01E-07,2,5,8,0.1,0.2,0,0.108,0.1,0.1,0.1
8,18,50,26204,4100.498141,3.46E-15,0.000808342,2094,4102.920929,1.59E-14,0.001088261,2,5,8,0.1,0.2,0,0.108,0.1,0.1,0.1
9,18,50,26241,4059.053669,4.59E-15,2.61E-06,3720,4059.05367,4.63E-15,2.61E-06,2,5,8,0.1,0.2,0,0.108,0.1,0.1,0.1
10,18,50,31135,4077.451927,1.38E-13,0.116640878,2436,4078.035145,1.17E-13,0.112920289,2,5,8,0.1,0.2,0,0.108,0.1,0.1,0.1
11,18,50,42094,4082.797697,5.91E-11,9.06E-06,3096,4082.797673,5.94E-11,9.06E-06,2,5,8,0.1,0.2,0,0.108,0.1,0.1,0.1
12,18,50,49495,4174.418099,1.55E-09,0.00028561,3750,4174.4181,1.54E-09,0.000285458,2,5,8,0.1,0.2,0,0.108,0.1,0.1,0.1
13,18,50,57980,4194.538231,8.21E-15,6.48E-05,2661,4195.476745,1.08E-14,6.38E-05,2,5,8,0.1,0.2,0,0.108,0.1,0.1,0.1
14,18,50,37973,4157.029674,1.13E-10,4.40E-05,3797,4157.029671,1.15E-10,4.39E-05,2,5,8,0.1,0.2,0,0.108,0.1,0.1,0.1
15,18,50,39556,4220.437257,7.33E-13,1.34E-11,2509,4220.437257,7.29E-13,1.34E-11,2,5,8,0.1,0.2,0,0.108,0.1,0.1,0.1
16,18,50,48177,4100.565025,2.61E-10,0.000836582,3815,4100.56503,2.58E-10,0.000837192,2,5,8,0.1,0.2,0,0.108,0.1,0.1,0.1
17,18,50,18155,4089.699016,2.26E-15,1.87E-05,3855,4089.699017,2.25E-15,1.86E-05,2,5,8,0.1,0.2,0,0.108,0.1,0.1,0.1
18,18,50,30037,3963.777301,2.69E-16,2.02E-10,2398,3964.434408,3.65E-16,2.55E-10,2,5,8,0.1,0.2,0,0.108,0.1,0.1,0.1
19,18,50,27450,4054.161272,3.59E-19,7.00E-10,2747,4055.125065,1.34E-19,5.74E-10,2,5,8,0.1,0.2,0,0.108,0.1,0.1,0.1
20,18,50,28520,4160.322718,1.62E-15,2.57E-05,3158,4160.322718,1.62E-15,2.57E-05,2,5,8,0.1,0.2,0,0.108,0.1,0.1,0.1
21,18,50,32703,4028.111468,1.82E-14,0.005644778,2156,4028.277616,1.36E-14,0.005528307,2,5,8,0.1,0.2,0,0.108,0.1,0.1,0.1
22,18,50,26977,4005.149766,2.54E-12,1.01E-09,3171,4005.149766,2.54E-12,1.01E-09,2,5,8,0.1,0.2,0,0.108,0.1,0.1,0.1
23,18,50,28059,3974.642148,1.42E-11,9.10E-10,2835,3974.642148,1.42E-11,9.09E-10,2,5,8,0.1,0.2,0,0.108,0.1,0.1,0.1
24,18,50,27181,4009.120951,2.12E-10,0.001097179,3560,4009.120953,2.14E-10,0.001096183,2,5,8,0.1,0.2,0,0.108,0.1,0.1,0.1
25,18,50,57251,4196.061915,6.74E-11,5.12E-08,2871,4196.061915,6.74E-11,5.12E-08,2,5,8,0.1,0.2,0,0.108,0.1,0.1,0.1
1,20,50,47759,4032.105639,1.65E-12,9.43E-06,3131,4032.10564,1.65E-12,9.44E-06,2,5,8,0.1,0.2,0,0.108,0.1,0.1,0.1
2,20,50,46495,3920.448365,2.83E-10,7.08E-08,2847,3920.448289,2.87E-10,7.09E-08,2,5,8,0.1,0.2,0,0.108,0.1,0.1,0.1
3,20,50,40758,4061.090186,3.56E-10,9.49E-10,3607,4061.413503,3.28E-10,8.48E-10,2,5,8,0.1,0.2,0,0.108,0.1,0.1,0.1
4,20,50,32409,4013.959886,5.48E-13,3.38E-06,2362,4014.123156,8.60E-13,4.08E-06,2,5,8,0.1,0.2,0,0.108,0.1,0.1,0.1
5,20,50,30537,4173.2808,7.68E-13,0.00034303,2993,4173.280796,7.68E-13,0.000342843,2,5,8,0.1,0.2,0,0.108,0.1,0.1,0.1
6,20,50,47287,4164.534876,6.34E-10,3.09E-10,5313,4164.534876,6.33E-10,3.09E-10,2,5,8,0.1,0.2,0,0.108,0.1,0.1,0.1
7,20,50,20026,4105.166178,0.021310489,1.48E-10,4534,4101.569285,1.67E-13,1.02E-09,2,5,8,0.1,0.2,0,0.108,0.1,0.1,0.1
8,20,50,30641,4064.249814,7.97E-12,0.010888212,4285,4064.249814,7.96E-12,0.010881699,2,5,8,0.1,0.2,0,0.108,0.1,0.1,0.1
9,20,50,33575,4185.836096,5.63E-14,2.72E-08,4177,4185.510074,5.41E-14,2.37E-08,2,5,8,0.1,0.2,0,0.108,0.1,0.1,0.1
10,20,50,38951,4003.637111,1.07E-12,7.18E-09,4563,4003.637112,1.07E-12,7.18E-09,2,5,8,0.1,0.2,0,0.108,0.1,0.1,0.1
11,20,50,50379,4093.747964,2.09E-21,2.62E-07,2360,4093.747964,2.09E-21,2.62E-07,2,5,8,0.1,0.2,0,0.108,0.1,0.1,0.1
12,20,50,56190,4133.068076,3.85E-14,2.70E-06,1983,4133.570444,3.42E-14,1.53E-06,2,5,8,0.1,0.2,0,0.108,0.1,0.1,0.1
13,20,50,35874,4073.285889,1.50E-11,4.62E-05,2600,4073.286891,1.50E-11,4.74E-05,2,5,8,0.1,0.2,0,0.108,0.1,0.1,0.1
14,20,50,33028,4057.129075,6.95E-14,0.015887541,2000,4058.433328,2.49E-14,0.014462237,2,5,8,0.1,0.2,0,0.108,0.1,0.1,0.1
15,20,50,34971,4149.707745,2.40E-13,6.16E-09,2360,4150.296152,2.44E-13,5.80E-09,2,5,8,0.1,0.2,0,0.108,0.1,0.1,0.1
16,20,50,55022,4110.500377,5.14E-11,2.18E-07,2038,4111.68033,6.38E-11,3.05E-07,2,5,8,0.1,0.2,0,0.108,0.1,0.1,0.1
17,20,50,42668,4194.555234,3.01E-11,2.41E-09,2513,4194.758635,2.24E-11,2.17E-09,2,5,8,0.1,0.2,0,0.108,0.1,0.1,0.1
18,20,50,38466,4177.848,5.71E-10,3.25E-06,4516,4177.949278,4.87E-10,2.60E-06,2,5,8,0.1,0.2,0,0.108,0.1,0.1,0.1
19,20,50,34485,4127.296382,2.13E-12,0.000351751,2471,4127.296383,2.14E-12,0.000351815,2,5,8,0.1,0.2,0,0.108,0.1,0.1,0.1
20,20,50,30105,4212.275915,2.76E-10,8.25E-05,2762,4212.730074,1.83E-10,6.20E-05,2,5,8,0.1,0.2,0,0.108,0.1,0.1,0.1
21,20,50,37582,4032.091938,2.41E-12,2.56E-10,2007,4032.283195,2.80E-12,3.02E-10,2,5,8,0.1,0.2,0,0.108,0.1,0.1,0.1
22,20,50,58921,4155.431834,6.62E-12,2.93E-06,3542,4155.431834,6.60E-12,2.93E-06,2,5,8,0.1,0.2,0,0.108,0.1,0.1,0.1
23,20,50,57710,4124.678454,1.83E-13,5.04E-07,3271,4124.678454,1.83E-13,5.05E-07,2,5,8,0.1,0.2,0,0.108,0.1,0.1,0.1
24,20,50,51603,4056.467872,5.96E-11,8.99E-05,3019,4057.703536,5.95E-11,0.000100085,2,5,8,0.1,0.2,0,0.108,0.1,0.1,0.1
25,20,50,43772,4184.252392,4.50E-14,5.33E-09,3646,4184.331524,3.78E-14,5.00E-09,2,5,8,0.1,0.2,0,0.108,0.1,0.1,0.1
1,10,60,40924,4173.56344,9.88E-12,6.30E-06,2237,4173.654796,7.63E-12,5.21E-06,2,5,8,0.1,0.2,0,0.108,0.1,0.1,0.1
2,10,60,55104,4171.122904,5.67E-17,4.23E-07,1930,4171.133557,4.33E-17,3.94E-07,2,5,8,0.1,0.2,0,0.108,0.1,0.1,0.1
3,10,60,29460,4031.132415,8.64E-11,0.001733815,6405,4031.132416,8.65E-11,0.001733188,2,5,8,0.1,0.2,0,0.108,0.1,0.1,0.1
4,10,60,40834,4106.116194,1.74E-09,0.29874525,2623,4106.821533,1.74E-09,0.327240085,2,5,8,0.1,0.2,0,0.108,0.1,0.1,0.1
5,10,60,33683,4070.696267,1.87E-14,9.77E-08,6565,4070.691229,1.74E-14,9.98E-08,2,5,8,0.1,0.2,0,0.108,0.1,0.1,0.1
6,10,60,41353,3928.113624,2.08E-10,4.02E-06,1708,3928.113579,2.03E-10,3.97E-06,2,5,8,0.1,0.2,0,0.108,0.1,0.1,0.1
7,10,60,34759,4122.926593,4.32E-13,8.32E-06,2911,4123.530616,2.64E-13,7.59E-06,2,5,8,0.1,0.2,0,0.108,0.1,0.1,0.1
8,10,60,48353,4190.121806,9.17E-10,4.95E-11,2686,4190.121806,9.17E-10,4.95E-11,2,5,8,0.1,0.2,0,0.108,0.1,0.1,0.1
9,10,60,101503,4183.522774,3.84E-15,6.53E-06,3403,4183.522774,3.82E-15,6.54E-06,2,5,8,0.1,0.2,0,0.108,0.1,0.1,0.1
10,10,60,33232,4073.158939,3.69E-10,5.00E-05,3316,4061.166952,6.67E-13,4.76E-06,2,5,8,0.1,0.2,0,0.108,0.1,0.1,0.1
11,10,60,66594,3946.513762,4.01E-13,7.56E-05,3033,3946.513762,4.00E-13,7.56E-05,2,5,8,0.1,0.2,0,0.108,0.1,0.1,0.1
12,10,60,35919,4013.909798,3.45E-13,2.27E-16,3531,4013.909798,3.45E-13,2.27E-16,2,5,8,0.1,0.2,0,0.108,0.1,0.1,0.1
13,10,60,50238,4160.145418,2.23E-15,3.00E-12,2995,4160.145419,2.26E-15,2.99E-12,2,5,8,0.1,0.2,0,0.108,0.1,0.1,0.1
14,10,60,41777,4192.117073,8.16E-11,0.00012614,2394,4192.1373,7.82E-11,0.000123027,2,5,8,0.1,0.2,0,0.108,0.1,0.1,0.1
15,10,60,117233,4087.110003,2.57E-14,2.34E-10,2037,4087.109995,2.61E-14,2.34E-10,2,5,8,0.1,0.2,0,0.108,0.1,0.1,0.1
16,10,60,28859,4263.845594,9.34E-11,0.106874976,2869,4263.845594,9.25E-11,0.106880745,2,5,8,0.1,0.2,0,0.108,0.1,0.1,0.1
17,10,60,66553,4152.162795,8.81E-11,1.04E-06,3223,4152.162798,8.79E-11,1.04E-06,2,5,8,0.1,0.2,0,0.108,0.1,0.1,0.1
18,10,60,60482,3876.99108,4.61E-10,0.000484074,2038,3877.014997,5.06E-10,0.000508888,2,5,8,0.1,0.2,0,0.108,0.1,0.1,0.1
19,10,60,31158,3990.693652,8.35E-13,0.001820545,1979,3991.516806,6.47E-13,0.001671906,2,5,8,0.1,0.2,0,0.108,0.1,0.1,0.1
20,10,60,40867,4158.675594,1.29E-11,1.51E-11,3408,4158.675599,1.29E-11,1.51E-11,2,5,8,0.1,0.2,0,0.108,0.1,0.1,0.1
21,10,60,51323,4096.496451,3.38E-12,2.95E-09,3717,4096.64177,4.18E-12,3.07E-09,2,5,8,0.1,0.2,0,0.108,0.1,0.1,0.1
22,10,60,28417,4091.623997,1.22E-14,1.01E-10,4524,4091.582004,1.22E-14,1.16E-10,2,5,8,0.1,0.2,0,0.108,0.1,0.1,0.1
23,10,60,80149,4115.650038,7.09E-11,0.000241597,3026,4115.650039,7.05E-11,0.000241642,2,5,8,0.1,0.2,0,0.108,0.1,0.1,0.1
24,10,60,52818,4167.138635,8.69E-16,4.93E-06,2844,4167.138635,8.72E-16,4.93E-06,2,5,8,0.1,0.2,0,0.108,0.1,0.1,0.1
25,10,60,64647,4169.192294,2.04E-10,8.93E-06,2721,4169.309069,2.21E-10,1.02E-05,2,5,8,0.1,0.2,0,0.108,0.1,0.1,0.1
1,12,60,41484,4244.092063,7.14E-11,0.008381116,5746,4244.06479,8.06E-11,0.008906854,2,5,8,0.1,0.2,0,0.108,0.1,0.1,0.1
2,12,60,39285,4168.762024,2.16E-11,0.000145257,2178,4168.762024,2.15E-11,0.000145177,2,5,8,0.1,0.2,0,0.108,0.1,0.1,0.1
3,12,60,38609,4144.544768,2.66E-10,0.083517022,4530,4144.544761,2.62E-10,0.08320215,2,5,8,0.1,0.2,0,0.108,0.1,0.1,0.1
4,12,60,33692,4136.630057,2.50E-05,1.46E-08,3476,4130.583217,1.33E-11,1.47E-08,2,5,8,0.1,0.2,0,0.108,0.1,0.1,0.1
5,12,60,49985,4113.470353,2.06E-16,0.006782833,3340,4113.470354,2.07E-16,0.006791655,2,5,8,0.1,0.2,0,0.108,0.1,0.1,0.1
6,12,60,48403,4021.254065,3.05E-15,1.86E-09,5987,4020.98655,2.09E-15,1.40E-09,2,5,8,0.1,0.2,0,0.108,0.1,0.1,0.1
7,12,60,40716,4051.966355,6.92E-13,4.49E-07,3726,4051.966355,6.93E-13,4.49E-07,2,5,8,0.1,0.2,0,0.108,0.1,0.1,0.1
8,12,60,50019,3955.439504,1.63E-12,3.37E-05,6347,3955.439503,1.65E-12,3.37E-05,2,5,8,0.1,0.2,0,0.108,0.1,0.1,0.1
9,12,60,69018,3990.203083,4.89E-11,6.50E-06,3565,3990.203083,4.91E-11,6.50E-06,2,5,8,0.1,0.2,0,0.108,0.1,0.1,0.1
10,12,60,49920,4156.531462,4.31E-14,0.005543034,1705,4157.431007,1.37E-14,0.004593011,2,5,8,0.1,0.2,0,0.108,0.1,0.1,0.1
11,12,60,34546,4190.076328,5.07E-14,5.86E-09,3859,4190.076328,5.08E-14,5.86E-09,2,5,8,0.1,0.2,0,0.108,0.1,0.1,0.1
12,12,60,36809,4156.193374,4.88E-15,5.97E-11,1827,4156.193893,4.91E-15,6.00E-11,2,5,8,0.1,0.2,0,0.108,0.1,0.1,0.1
13,12,60,27009,4061.098208,7.41E-13,0.000270868,3970,4060.428116,5.78E-13,0.000174376,2,5,8,0.1,0.2,0,0.108,0.1,0.1,0.1
14,12,60,52166,4055.600778,1.79E-15,1.69E-05,2403,4056.377856,3.08E-15,1.96E-05,2,5,8,0.1,0.2,0,0.108,0.1,0.1,0.1
15,12,60,26666,4028.85075,3.36E-09,0.205519436,4829,4028.861176,3.35E-09,0.201216601,2,5,8,0.1,0.2,0,0.108,0.1,0.1,0.1
16,12,60,53577,3994.468386,2.27E-12,3.70E-19,3426,3994.468387,2.28E-12,3.73E-19,2,5,8,0.1,0.2,0,0.108,0.1,0.1,0.1
17,12,60,52863,4127.667766,6.00E-14,1.25E-08,4184,4127.667772,5.92E-14,1.25E-08,2,5,8,0.1,0.2,0,0.108,0.1,0.1,0.1
18,12,60,57495,4284.422775,4.96E-13,6.47E-07,1828,4284.422807,4.85E-13,6.49E-07,2,5,8,0.1,0.2,0,0.108,0.1,0.1,0.1
19,12,60,30704,4022.124612,1.24E-09,0.000198368,2967,4022.465946,1.30E-09,0.000198824,2,5,8,0.1,0.2,0,0.108,0.1,0.1,0.1
20,12,60,67782,4155.344908,1.31E-11,0.001201173,1703,4156.087188,8.64E-12,0.001015327,2,5,8,0.1,0.2,0,0.108,0.1,0.1,0.1
21,12,60,21101,4136.937842,1.40E-11,0.041802244,1946,4136.937824,1.36E-11,0.041856647,2,5,8,0.1,0.2,0,0.108,0.1,0.1,0.1
22,12,60,32913,4260.416101,1.07E-11,3.50E-06,2697,4260.416101,1.07E-11,3.51E-06,2,5,8,0.1,0.2,0,0.108,0.1,0.1,0.1
23,12,60,62042,4025.218633,8.77E-14,3.34E-11,3799,4025.207251,8.45E-14,3.23E-11,2,5,8,0.1,0.2,0,0.108,0.1,0.1,0.1
24,12,60,31426,4071.12564,1.89E-11,2.81E-09,3148,4071.12564,1.88E-11,2.81E-09,2,5,8,0.1,0.2,0,0.108,0.1,0.1,0.1
25,12,60,37781,4143.360095,1.00E-14,1.21E-10,4727,4143.3601,9.82E-15,1.21E-10,2,5,8,0.1,0.2,0,0.108,0.1,0.1,0.1
1,14,60,50049,4069.430035,7.22E-10,3.44E-07,1878,4070.336907,7.15E-10,3.38E-07,2,5,8,0.1,0.2,0,0.108,0.1,0.1,0.1
2,14,60,43877,4128.93661,1.10E-15,1.81E-05,3246,4128.93661,1.10E-15,1.81E-05,2,5,8,0.1,0.2,0,0.108,0.1,0.1,0.1
3,14,60,54908,4137.340753,1.05E-20,3.39E-13,2134,4137.340767,1.04E-20,3.37E-13,2,5,8,0.1,0.2,0,0.108,0.1,0.1,0.1
4,14,60,64187,4057.363022,3.86E-12,2.00E-05,2608,4057.42346,3.47E-12,1.84E-05,2,5,8,0.1,0.2,0,0.108,0.1,0.1,0.1
5,14,60,45034,4069.327937,3.29E-14,6.66E-18,3563,4069.443261,3.60E-14,6.38E-18,2,5,8,0.1,0.2,0,0.108,0.1,0.1,0.1
6,14,60,38350,4302.321073,2.14E-10,0.029727663,4240,4302.321073,2.14E-10,0.029705719,2,5,8,0.1,0.2,0,0.108,0.1,0.1,0.1
7,14,60,35576,4010.697352,7.24E-15,7.61E-08,2853,4010.697353,7.29E-15,7.62E-08,2,5,8,0.1,0.2,0,0.108,0.1,0.1,0.1
8,14,60,37709,4084.510684,1.11E-11,2.00E-06,3967,4084.510684,1.11E-11,2.00E-06,2,5,8,0.1,0.2,0,0.108,0.1,0.1,0.1
9,14,60,47561,4070.321159,2.18E-10,1.61E-09,11062,4069.867849,7.06E-11,1.35E-09,2,5,8,0.1,0.2,0,0.108,0.1,0.1,0.1
10,14,60,44001,4075.289386,4.66E-12,0.001210029,4067,4075.289386,4.66E-12,0.001210363,2,5,8,0.1,0.2,0,0.108,0.1,0.1,0.1
11,14,60,46518,4136.994071,5.01E-20,3.27E-08,3322,4137.736625,6.63E-20,3.15E-08,2,5,8,0.1,0.2,0,0.108,0.1,0.1,0.1
12,14,60,31200,4157.21959,2.36E-13,2.79E-06,2067,4157.219591,2.35E-13,2.79E-06,2,5,8,0.1,0.2,0,0.108,0.1,0.1,0.1
13,14,60,71611,4183.138707,8.19E-13,2.59E-06,2628,4183.241694,9.07E-13,2.51E-06,2,5,8,0.1,0.2,0,0.108,0.1,0.1,0.1
14,14,60,47110,4217.780614,2.73E-10,0.00010113,5159,4217.780615,2.72E-10,0.000101148,2,5,8,0.1,0.2,0,0.108,0.1,0.1,0.1
15,14,60,22367,4160.744776,2.08E-10,2.24E-08,5512,4160.27021,1.64E-11,3.80E-09,2,5,8,0.1,0.2,0,0.108,0.1,0.1,0.1
16,14,60,55462,3965.413058,2.62E-11,1.78E-05,3086,3965.415088,2.58E-11,1.79E-05,2,5,8,0.1,0.2,0,0.108,0.1,0.1,0.1
17,14,60,59592,4139.566722,1.61E-12,0.00118833,2348,4139.566723,1.58E-12,0.001188109,2,5,8,0.1,0.2,0,0.108,0.1,0.1,0.1
18,14,60,42760,3973.02869,8.37E-09,0.047795242,5126,3966.684906,8.04E-11,0.002178185,2,5,8,0.1,0.2,0,0.108,0.1,0.1,0.1
19,14,60,40636,3949.823942,6.25E-12,3.22E-06,3596,3949.823943,6.31E-12,3.22E-06,2,5,8,0.1,0.2,0,0.108,0.1,0.1,0.1
20,14,60,36753,3953.231421,7.69E-13,3.65E-06,2967,3953.231583,7.13E-13,3.64E-06,2,5,8,0.1,0.2,0,0.108,0.1,0.1,0.1
21,14,60,27064,4185.973767,8.26E-12,1.55E-05,2448,4185.973767,8.25E-12,1.55E-05,2,5,8,0.1,0.2,0,0.108,0.1,0.1,0.1
22,14,60,47812,4120.577109,2.09E-11,4.96E-12,3503,4120.577112,2.12E-11,4.96E-12,2,5,8,0.1,0.2,0,0.108,0.1,0.1,0.1
23,14,60,61489,4262.318296,5.74E-11,0.008625287,2852,4256.860473,6.00E-15,0.000313889,2,5,8,0.1,0.2,0,0.108,0.1,0.1,0.1
24,14,60,39299,4118.043782,3.24E-13,0.014595807,1603,4118.066185,2.93E-13,0.014216476,2,5,8,0.1,0.2,0,0.108,0.1,0.1,0.1
25,14,60,95148,4172.295741,1.06E-13,6.17E-15,2829,4172.295741,1.07E-13,6.17E-15,2,5,8,0.1,0.2,0,0.108,0.1,0.1,0.1
1,16,60,51363,4238.873498,5.72E-17,2.26E-08,2137,4238.873497,5.70E-17,2.26E-08,2,5,8,0.1,0.2,0,0.108,0.1,0.1,0.1
2,16,60,44278,4058.662644,2.82E-15,4.85E-05,2968,4058.662644,2.83E-15,4.85E-05,2,5,8,0.1,0.2,0,0.108,0.1,0.1,0.1
3,16,60,20269,4180.388399,7.89E-13,0.000164269,2876,4180.388398,7.90E-13,0.000164295,2,5,8,0.1,0.2,0,0.108,0.1,0.1,0.1
4,16,60,36362,4181.264823,2.82E-10,4.27E-05,3626,4181.264825,2.77E-10,4.27E-05,2,5,8,0.1,0.2,0,0.108,0.1,0.1,0.1
5,16,60,46606,4059.167164,3.70E-11,2.12E-07,3057,4059.690131,4.20E-11,2.26E-07,2,5,8,0.1,0.2,0,0.108,0.1,0.1,0.1
6,16,60,29291,4164.447546,4.05E-14,4.16E-09,2561,4165.003901,5.35E-14,5.10E-09,2,5,8,0.1,0.2,0,0.108,0.1,0.1,0.1
7,16,60,28214,4274.569654,4.76E-09,8.86E-07,2155,4272.543643,7.79E-10,1.13E-06,2,5,8,0.1,0.2,0,0.108,0.1,0.1,0.1
8,16,60,55303,4092.511442,4.01E-10,3.85E-08,3468,4092.511442,4.01E-10,3.85E-08,2,5,8,0.1,0.2,0,0.108,0.1,0.1,0.1
9,16,60,80665,4132.236399,2.50E-15,1.30E-05,2688,4132.228786,2.70E-15,1.28E-05,2,5,8,0.1,0.2,0,0.108,0.1,0.1,0.1
10,16,60,32492,4167.781139,1.71E-12,1.06E-05,2375,4167.781139,1.71E-12,1.06E-05,2,5,8,0.1,0.2,0,0.108,0.1,0.1,0.1
11,16,60,42231,4125.797768,1.05E-09,0.051276158,3554,4125.797768,1.04E-09,0.051270988,2,5,8,0.1,0.2,0,0.108,0.1,0.1,0.1
12,16,60,55577,4117.310248,4.56E-12,6.21E-11,3626,4117.310249,4.57E-12,6.19E-11,2,5,8,0.1,0.2,0,0.108,0.1,0.1,0.1
13,16,60,36824,3905.699236,3.06E-14,3.59E-08,2603,3905.699186,3.01E-14,3.60E-08,2,5,8,0.1,0.2,0,0.108,0.1,0.1,0.1
14,16,60,38404,3976.1129,3.29E-12,1.18E-06,5099,3976.1129,3.30E-12,1.18E-06,2,5,8,0.1,0.2,0,0.108,0.1,0.1,0.1
15,16,60,64409,3979.101861,8.85E-12,0.000941267,1731,3979.181669,7.77E-12,0.000908615,2,5,8,0.1,0.2,0,0.108,0.1,0.1,0.1
16,16,60,30418,4103.027402,4.24E-12,3.45E-05,2628,4103.469222,3.86E-12,3.11E-05,2,5,8,0.1,0.2,0,0.108,0.1,0.1,0.1
17,16,60,48464,4022.834393,5.02E-12,3.93E-05,2735,4024.459748,8.90E-12,5.83E-05,2,5,8,0.1,0.2,0,0.108,0.1,0.1,0.1
18,16,60,29659,4114.268325,2.90E-11,2.65E-07,4045,4114.264305,2.86E-11,2.64E-07,2,5,8,0.1,0.2,0,0.108,0.1,0.1,0.1
19,16,60,47047,4192.770444,4.37E-10,9.89E-06,5247,4192.770451,4.42E-10,9.85E-06,2,5,8,0.1,0.2,0,0.108,0.1,0.1,0.1
20,16,60,43834,4006.423908,4.94E-13,2.05E-05,3694,4006.898119,4.97E-13,2.26E-05,2,5,8,0.1,0.2,0,0.108,0.1,0.1,0.1
21,16,60,37171,4103.458793,5.38E-10,0.020746758,2322,4103.458792,5.42E-10,0.020737922,2,5,8,0.1,0.2,0,0.108,0.1,0.1,0.1
22,16,60,50787,4191.8325,3.28E-11,2.33E-09,5566,4191.832504,3.31E-11,2.33E-09,2,5,8,0.1,0.2,0,0.108,0.1,0.1,0.1
23,16,60,47442,3936.999256,2.93E-14,3.50E-05,1899,3937.750367,6.17E-14,4.42E-05,2,5,8,0.1,0.2,0,0.108,0.1,0.1,0.1
24,16,60,46093,4132.883337,3.36E-14,4.22E-07,2192,4132.911003,4.10E-14,4.58E-07,2,5,8,0.1,0.2,0,0.108,0.1,0.1,0.1
25,16,60,30116,4039.635523,7.14E-10,0.08634232,2864,4039.847115,7.52E-10,0.091485915,2,5,8,0.1,0.2,0,0.108,0.1,0.1,0.1
1,18,60,52958,4149.707647,7.14E-13,4.43E-08,5533,4149.530146,4.92E-13,2.89E-08,2,5,8,0.1,0.2,0,0.108,0.1,0.1,0.1
2,18,60,30111,4007.167269,2.15E-13,9.83E-08,3370,4007.167269,2.15E-13,9.82E-08,2,5,8,0.1,0.2,0,0.108,0.1,0.1,0.1
3,18,60,42754,4248.252987,3.90E-10,0.045191391,1524,4248.707,4.49E-10,0.049030367,2,5,8,0.1,0.2,0,0.108,0.1,0.1,0.1
4,18,60,39990,4131.262545,2.17E-13,2.00E-08,2830,4132.30323,3.68E-13,2.89E-08,2,5,8,0.1,0.2,0,0.108,0.1,0.1,0.1
5,18,60,28976,4107.992609,3.32E-12,2.23E-10,3071,4107.992609,3.26E-12,2.23E-10,2,5,8,0.1,0.2,0,0.108,0.1,0.1,0.1
6,18,60,27874,4059.390898,9.94E-14,1.87E-10,4120,4059.390898,9.96E-14,1.87E-10,2,5,8,0.1,0.2,0,0.108,0.1,0.1,0.1
7,18,60,48451,4052.199361,1.35E-09,8.89E-05,2859,4052.199361,1.35E-09,8.89E-05,2,5,8,0.1,0.2,0,0.108,0.1,0.1,0.1
8,18,60,80147,4019.250556,7.04E-12,0.052638044,2481,4020.030085,7.75E-12,0.057758644,2,5,8,0.1,0.2,0,0.108,0.1,0.1,0.1
9,18,60,39427,4155.340615,8.54E-11,0.020319741,3366,4155.340615,8.54E-11,0.020305574,2,5,8,0.1,0.2,0,0.108,0.1,0.1,0.1
10,18,60,51774,4016.402218,1.51E-11,2.33E-07,4371,4016.402218,1.51E-11,2.33E-07,2,5,8,0.1,0.2,0,0.108,0.1,0.1,0.1
11,18,60,37313,4094.030407,9.32E-12,8.15E-05,2101,4094.109142,9.16E-12,7.98E-05,2,5,8,0.1,0.2,0,0.108,0.1,0.1,0.1
12,18,60,35708,4135.463352,1.68E-10,0.03591225,4331,4135.463352,1.68E-10,0.035900591,2,5,8,0.1,0.2,0,0.108,0.1,0.1,0.1
13,18,60,62668,3970.292391,1.15E-12,3.91E-06,3275,3970.291758,8.81E-13,3.65E-06,2,5,8,0.1,0.2,0,0.108,0.1,0.1,0.1
14,18,60,49622,4130.233186,1.09E-15,4.51E-08,2229,4130.233185,1.09E-15,4.50E-08,2,5,8,0.1,0.2,0,0.108,0.1,0.1,0.1
15,18,60,35168,4259.282144,1.55E-09,5.29E-05,1942,4260.193767,1.11E-09,4.31E-05,2,5,8,0.1,0.2,0,0.108,0.1,0.1,0.1
16,18,60,26036,4075.359774,7.82E-12,4.92E-07,1822,4075.461601,8.88E-12,5.15E-07,2,5,8,0.1,0.2,0,0.108,0.1,0.1,0.1
17,18,60,19669,4076.566206,5.25E-15,5.16E-09,2201,4077.87084,4.09E-14,1.52E-08,2,5,8,0.1,0.2,0,0.108,0.1,0.1,0.1
18,18,60,59960,3989.302814,1.41E-11,1.44E-07,2256,3989.302818,1.41E-11,1.44E-07,2,5,8,0.1,0.2,0,0.108,0.1,0.1,0.1
19,18,60,42261,4120.784473,9.42E-14,8.07E-08,1880,4120.991765,2.31E-13,9.53E-08,2,5,8,0.1,0.2,0,0.108,0.1,0.1,0.1
20,18,60,72806,4154.251345,3.50E-14,0.000655926,2562,4154.275664,3.74E-14,0.000679307,2,5,8,0.1,0.2,0,0.108,0.1,0.1,0.1
21,18,60,24708,4002.413043,9.34E-18,1.01E-14,1918,4002.421585,8.46E-18,9.55E-15,2,5,8,0.1,0.2,0,0.108,0.1,0.1,0.1
22,18,60,36757,4250.58874,5.24E-13,1.88E-11,3174,4250.58874,5.23E-13,1.88E-11,2,5,8,0.1,0.2,0,0.108,0.1,0.1,0.1
23,18,60,53996,4220.052398,3.61E-11,6.91E-05,2054,4220.068002,3.64E-11,7.33E-05,2,5,8,0.1,0.2,0,0.108,0.1,0.1,0.1
24,18,60,37221,4081.762728,3.00E-13,1.33E-05,2751,4081.762728,3.00E-13,1.33E-05,2,5,8,0.1,0.2,0,0.108,0.1,0.1,0.1
25,18,60,34280,4018.59412,4.72E-18,1.70E-09,3890,4018.610269,4.14E-18,1.57E-09,2,5,8,0.1,0.2,0,0.108,0.1,0.1,0.1
1,20,60,33749,4098.080641,2.42E-10,4.59E-07,2778,4098.134894,2.00E-10,4.13E-07,2,5,8,0.1,0.2,0,0.108,0.1,0.1,0.1
2,20,60,35314,3969.860609,3.53E-11,3.39E-05,4374,3969.860609,3.54E-11,3.39E-05,2,5,8,0.1,0.2,0,0.108,0.1,0.1,0.1
3,20,60,57318,4134.205959,5.60E-12,0.001264921,2785,4134.205961,5.57E-12,0.001264342,2,5,8,0.1,0.2,0,0.108,0.1,0.1,0.1
4,20,60,43066,4120.315619,7.27E-13,1.62E-10,2086,4120.453761,7.84E-13,1.65E-10,2,5,8,0.1,0.2,0,0.108,0.1,0.1,0.1
5,20,60,57301,4123.999204,9.15E-10,0.003609169,1534,4124.046293,8.65E-10,0.003535347,2,5,8,0.1,0.2,0,0.108,0.1,0.1,0.1
6,20,60,50005,4117.046694,2.16E-11,1.82E-05,9950,4117.046696,2.16E-11,1.82E-05,2,5,8,0.1,0.2,0,0.108,0.1,0.1,0.1
7,20,60,44709,4088.350584,1.61E-11,1.02E-09,2357,4089.268509,1.60E-11,1.11E-09,2,5,8,0.1,0.2,0,0.108,0.1,0.1,0.1
8,20,60,30991,4109.977081,1.04E-12,9.27E-08,3168,4109.977081,1.04E-12,9.28E-08,2,5,8,0.1,0.2,0,0.108,0.1,0.1,0.1
9,20,60,76471,4108.991872,8.38E-12,2.61E-07,4226,4109.107477,6.24E-12,1.85E-07,2,5,8,0.1,0.2,0,0.108,0.1,0.1,0.1
10,20,60,14741,4085.706328,1.13E-12,2.04E-07,2475,4085.706658,1.12E-12,2.04E-07,2,5,8,0.1,0.2,0,0.108,0.1,0.1,0.1
11,20,60,61941,4130.208742,1.01E-14,9.33E-10,1771,4130.243763,7.29E-15,6.99E-10,2,5,8,0.1,0.2,0,0.108,0.1,0.1,0.1
12,20,60,31051,4095.279505,4.95E-13,9.77E-10,3687,4094.313829,1.04E-13,4.97E-10,2,5,8,0.1,0.2,0,0.108,0.1,0.1,0.1
13,20,60,48367,4138.275121,9.23E-15,0.033238264,2543,4138.275122,9.22E-15,0.033278928,2,5,8,0.1,0.2,0,0.108,0.1,0.1,0.1
14,20,60,34022,4130.462132,2.27E-11,1.31E-10,2556,4130.690813,1.79E-11,1.14E-10,2,5,8,0.1,0.2,0,0.108,0.1,0.1,0.1
15,20,60,49819,4125.894465,7.98E-09,4.49E-11,4067,4122.996106,3.44E-10,2.40E-10,2,5,8,0.1,0.2,0,0.108,0.1,0.1,0.1
16,20,60,47821,4057.687182,2.33E-14,0.050588987,3167,4057.642373,2.63E-14,0.051996962,2,5,8,0.1,0.2,0,0.108,0.1,0.1,0.1
17,20,60,88442,4055.266063,3.68E-16,5.27E-10,5076,4055.266064,3.72E-16,5.26E-10,2,5,8,0.1,0.2,0,0.108,0.1,0.1,0.1
18,20,60,53909,4097.217985,3.66E-12,1.15E-05,3210,4097.215628,2.88E-12,1.12E-05,2,5,8,0.1,0.2,0,0.108,0.1,0.1,0.1
19,20,60,34848,4075.866153,7.72E-13,0.017359697,3299,4075.866153,7.73E-13,0.017356314,2,5,8,0.1,0.2,0,0.108,0.1,0.1,0.1
20,20,60,51183,3998.571971,1.87E-10,4.17E-06,4743,3998.571972,1.89E-10,4.17E-06,2,5,8,0.1,0.2,0,0.108,0.1,0.1,0.1
21,20,60,52854,4100.863801,1.49E-13,5.96E-06,3294,4100.86364,1.48E-13,6.06E-06,2,5,8,0.1,0.2,0,0.108,0.1,0.1,0.1
22,20,60,26049,4006.951147,0.000207319,7.87E-06,2199,4004.994547,1.30E-15,3.90E-06,2,5,8,0.1,0.2,0,0.108,0.1,0.1,0.1
23,20,60,82464,4222.734617,2.74E-15,3.30E-05,2495,4222.734617,2.75E-15,3.30E-05,2,5,8,0.1,0.2,0,0.108,0.1,0.1,0.1
24,20,60,30901,4124.37285,4.54E-12,6.72E-13,2264,4124.4636,3.74E-12,5.50E-13,2,5,8,0.1,0.2,0,0.108,0.1,0.1,0.1
25,20,60,20610,4219.683024,2.90E-11,1.22E-06,7284,4219.683021,2.91E-11,1.22E-06,2,5,8,0.1,0.2,0,0.108,0.1,0.1,0.1
